#{"t_start": 1642507182.5793455, "env_id": "Acrobot-v1"}
r,l,t
-103.0,104,3.57477
-100.0,101,3.610077
-66.0,67,3.633377
-78.0,79,3.660837
-79.0,80,3.688603
-89.0,90,3.719864
-80.0,81,3.747943
-77.0,78,3.774951
-67.0,68,3.798507
-77.0,78,3.825537
-92.0,93,3.857781
-81.0,82,3.886293
-93.0,94,3.918897
-77.0,78,3.947402
-67.0,68,3.975637
-85.0,86,4.008736
-94.0,95,4.052567
-111.0,112,4.114289
-67.0,68,4.152991
-102.0,103,4.210715
-112.0,113,4.274786
-78.0,79,4.31915
-67.0,68,4.357272
-68.0,69,4.396535
-67.0,68,4.435052
-68.0,69,4.473541
-67.0,68,4.511944
-79.0,80,4.556999
-121.0,122,4.624946
-68.0,69,4.663988
-68.0,69,4.702779
-130.0,131,4.776649
-67.0,68,4.814596
-89.0,90,4.865141
-68.0,69,4.904126
-67.0,68,4.942859
-88.0,89,4.993315
-93.0,94,5.046051
-67.0,68,5.08423
-68.0,69,5.123254
-90.0,91,5.174242
-101.0,102,5.231003
-78.0,79,5.275394
-65.0,66,5.311755
-67.0,68,5.350019
-67.0,68,5.388558
-67.0,68,5.426293
-67.0,68,5.464569
-76.0,77,5.508042
-68.0,69,5.546416
-72.0,73,5.587425
-154.0,155,5.673823
-107.0,108,5.734481
-72.0,73,5.775017
-67.0,68,5.813089
-68.0,69,5.852066
-67.0,68,5.889871
-91.0,92,5.941885
-77.0,78,5.985878
-77.0,78,6.029704
-108.0,109,6.090935
-90.0,91,6.141216
-76.0,77,6.184759
-68.0,69,6.223289
-68.0,69,6.262275
-95.0,96,6.316407
-67.0,68,6.354366
-72.0,73,6.395685
-68.0,69,6.434134
-81.0,82,6.479845
-67.0,68,6.51845
-92.0,93,6.569869
-68.0,69,6.608596
-68.0,69,6.647606
-84.0,85,6.694582
-78.0,79,6.74034
-67.0,68,6.778186
-66.0,67,6.815229
-67.0,68,6.853564
-67.0,68,6.891971
-67.0,68,6.929708
-117.0,118,6.996169
-76.0,77,7.038993
-67.0,68,7.077535
-73.0,74,7.119375
-92.0,93,7.171256
-99.0,100,7.227399
-106.0,107,7.287009
-92.0,93,7.339024
-68.0,69,7.377421
-107.0,108,7.437723
-103.0,104,7.495478
-75.0,76,7.538491
-67.0,68,7.576197
-92.0,93,7.628632
-68.0,69,7.66708
-99.0,100,7.720863
-92.0,93,7.755216
-81.0,82,7.785373
-77.0,78,7.813637
-108.0,109,7.85201
-109.0,110,7.892652
-69.0,70,7.920383
-89.0,90,7.95162
-89.0,90,7.985091
-149.0,150,8.049849
-120.0,121,8.116843
-64.0,65,8.154563
-67.0,68,8.192606
-77.0,78,8.235605
-67.0,68,8.274575
-69.0,70,8.31372
-77.0,78,8.357618
-107.0,108,8.418311
-274.0,275,8.571453
-75.0,76,8.61451
-68.0,69,8.653583
-66.0,67,8.69076
-67.0,68,8.728794
-101.0,102,8.78612
-128.0,129,8.858463
-101.0,102,8.916088
-77.0,78,8.959963
-91.0,92,9.012016
-282.0,283,9.165996
-68.0,69,9.205168
-68.0,69,9.243886
-68.0,69,9.282119
-67.0,68,9.320417
-68.0,69,9.359455
-68.0,69,9.397529
-101.0,102,9.455014
-77.0,78,9.4982
-102.0,103,9.555972
-68.0,69,9.594274
-67.0,68,9.631992
-79.0,80,9.677418
-67.0,68,9.7153
-78.0,79,9.759461
-65.0,66,9.796687
-67.0,68,9.834571
-200.0,201,9.948203
-77.0,78,9.992976
-68.0,69,10.031943
-91.0,92,10.082927
-108.0,109,10.144364
-95.0,96,10.198242
-94.0,95,10.25159
-76.0,77,10.29483
-251.0,252,10.435889
-118.0,119,10.503064
-78.0,79,10.547185
-128.0,129,10.619374
-68.0,69,10.657929
-77.0,78,10.701629
-98.0,99,10.757409
-67.0,68,10.795452
-78.0,79,10.839103
-67.0,68,10.877613
-74.0,75,10.919419
-92.0,93,10.971187
-89.0,90,11.021549
-116.0,117,11.087147
-88.0,89,11.137239
-91.0,92,11.188725
-88.0,89,11.238774
-67.0,68,11.276696
-67.0,68,11.31502
-91.0,92,11.366626
-67.0,68,11.40427
-88.0,89,11.454529
-96.0,97,11.508917
-67.0,68,11.54637
-70.0,71,11.586044
-68.0,69,11.62437
-68.0,69,11.662563
-92.0,93,11.715238
-94.0,95,11.767676
-111.0,112,11.819783
-100.0,101,11.85687
-136.0,137,11.906917
-77.0,78,11.935491
-78.0,79,11.964109
-67.0,68,11.988005
-111.0,112,12.027156
-112.0,113,12.066796
-76.0,77,12.094754
-77.0,78,12.127226
-89.0,90,12.162145
-130.0,131,12.22846
-67.0,68,12.266145
-96.0,97,12.321343
-68.0,69,12.359474
-68.0,69,12.398017
-68.0,69,12.437166
-92.0,93,12.488522
-87.0,88,12.53846
-67.0,68,12.576114
-109.0,110,12.63762
-80.0,81,12.68334
-94.0,95,12.736014
-76.0,77,12.77944
-67.0,68,12.817636
-94.0,95,12.87058
-112.0,113,12.933609
-72.0,73,12.974626
-88.0,89,13.024478
-69.0,70,13.064271
-86.0,87,13.114125
-67.0,68,13.152414
-67.0,68,13.191247
-210.0,211,13.310816
-106.0,107,13.371558
-78.0,79,13.416205
-98.0,99,13.472471
-95.0,96,13.526237
-69.0,70,13.566523
-68.0,69,13.605536
-93.0,94,13.658116
-68.0,69,13.697672
-68.0,69,13.736603
-78.0,79,13.781573
-67.0,68,13.820637
-76.0,77,13.864006
-67.0,68,13.902376
-76.0,77,13.946591
-67.0,68,13.985006
-67.0,68,14.023091
-65.0,66,14.060791
-68.0,69,14.099292
-168.0,169,14.193333
-69.0,70,14.232334
-84.0,85,14.280365
-67.0,68,14.318397
-89.0,90,14.368769
-65.0,66,14.406042
-76.0,77,14.448832
-80.0,81,14.49339
-67.0,68,14.531421
-90.0,91,14.58256
-80.0,81,14.62789
-95.0,96,14.681727
-67.0,68,14.719251
-68.0,69,14.758343
-65.0,66,14.795045
-79.0,80,14.840028
-78.0,79,14.884621
-183.0,184,14.986988
-67.0,68,15.024972
-76.0,77,15.067911
-106.0,107,15.128913
-99.0,100,15.185185
-77.0,78,15.23025
-68.0,69,15.269606
-77.0,78,15.313615
-67.0,68,15.352565
-90.0,91,15.404418
-68.0,69,15.443246
-67.0,68,15.4824
-111.0,112,15.545719
-67.0,68,15.584488
-67.0,68,15.62353
-77.0,78,15.667547
-68.0,69,15.707318
-70.0,71,15.747741
-67.0,68,15.786011
-87.0,88,15.836403
-68.0,69,15.87492
-76.0,77,15.91845
-67.0,68,15.947117
-105.0,106,15.986541
-101.0,102,16.024318
-136.0,137,16.074673
-103.0,104,16.111955
-68.0,69,16.135983
-67.0,68,16.159542
-78.0,79,16.187564
-85.0,86,16.217372
-92.0,93,16.249638
-68.0,69,16.27353
-89.0,90,16.304699
-129.0,130,16.349748
-67.0,68,16.373333
-69.0,70,16.39765
-101.0,102,16.433013
-67.0,68,16.456602
-68.0,69,16.480517
-67.0,68,16.504083
-68.0,69,16.527993
-67.0,68,16.551576
-68.0,69,16.575482
-67.0,68,16.599035
-91.0,92,16.63094
-92.0,93,16.663165
-88.0,89,16.694044
-92.0,93,16.726516
-85.0,86,16.756322
-76.0,77,16.782942
-108.0,109,16.820728
-80.0,81,16.848851
-68.0,69,16.872785
-66.0,67,16.896023
-68.0,69,16.920021
-89.0,90,16.951202
-88.0,89,16.982033
-67.0,68,17.005596
-125.0,126,17.04929
-68.0,69,17.073201
-67.0,68,17.096826
-65.0,66,17.119729
-101.0,102,17.156755
-68.0,69,17.185211
-68.0,69,17.211881
-68.0,69,17.241813
-68.0,69,17.280427
-89.0,90,17.330978
-67.0,68,17.369956
-76.0,77,17.412594
-204.0,205,17.528063
-66.0,67,17.565795
-134.0,135,17.641628
-91.0,92,17.693416
-160.0,161,17.783222
-80.0,81,17.829331
-92.0,93,17.881062
-91.0,92,17.932861
-101.0,102,17.989882
-68.0,69,18.028029
-70.0,71,18.068504
-67.0,68,18.106239
-77.0,78,18.14983
-67.0,68,18.188211
-89.0,90,18.23827
-86.0,87,18.28754
-93.0,94,18.340161
-77.0,78,18.383965
-77.0,78,18.427769
-105.0,106,18.486754
-100.0,101,18.543755
-89.0,90,18.594213
-75.0,76,18.636891
-67.0,68,18.675082
-68.0,69,18.7134
-93.0,94,18.765579
-91.0,92,18.817159
-90.0,91,18.86728
-84.0,85,18.914957
-85.0,86,18.963132
-68.0,69,19.001716
-67.0,68,19.040143
-84.0,85,19.087318
-92.0,93,19.138904
-91.0,92,19.190577
-77.0,78,19.234158
-65.0,66,19.271506
-91.0,92,19.322858
-67.0,68,19.360645
-67.0,68,19.399038
-86.0,87,19.447161
-112.0,113,19.511079
-84.0,85,19.558565
-67.0,68,19.596697
-65.0,66,19.633808
-75.0,76,19.676605
-66.0,67,19.713946
-67.0,68,19.75187
-67.0,68,19.790194
-99.0,100,19.845467
-67.0,68,19.883017
-93.0,94,19.936147
-92.0,93,19.987787
-76.0,77,20.031308
-68.0,69,20.070157
-67.0,68,20.107857
-99.0,100,20.164182
-110.0,111,20.225672
-77.0,78,20.269436
-67.0,68,20.307986
-67.0,68,20.345601
-93.0,94,20.398841
-68.0,69,20.437515
-67.0,68,20.475327
-67.0,68,20.514235
-110.0,111,20.575991
-88.0,89,20.62597
-153.0,154,20.712189
-67.0,68,20.75089
-67.0,68,20.788822
-68.0,69,20.827575
-67.0,68,20.866235
-68.0,69,20.904652
-77.0,78,20.948123
-67.0,68,20.986499
-77.0,78,21.029961
-78.0,79,21.073401
-68.0,69,21.098727
-93.0,94,21.133279
-96.0,97,21.168637
-217.0,218,21.247453
-76.0,77,21.278517
-84.0,85,21.309525
-77.0,78,21.346557
-67.0,68,21.384281
-98.0,99,21.439714
-68.0,69,21.479643
-115.0,116,21.543938
-72.0,73,21.585873
-67.0,68,21.623513
-67.0,68,21.661632
-67.0,68,21.700384
-77.0,78,21.74375
-68.0,69,21.782451
-67.0,68,21.82149
-68.0,69,21.859621
-87.0,88,21.908583
-115.0,116,21.973538
-67.0,68,22.011294
-93.0,94,22.064699
-95.0,96,22.11754
-93.0,94,22.170662
-68.0,69,22.20884
-94.0,95,22.261865
-94.0,95,22.315188
-96.0,97,22.369065
-88.0,89,22.419257
-67.0,68,22.457138
-90.0,91,22.507893
-65.0,66,22.545303
-94.0,95,22.598765
-67.0,68,22.637054
-87.0,88,22.686302
-67.0,68,22.72408
-67.0,68,22.762306
-67.0,68,22.80038
-79.0,80,22.845124
-104.0,105,22.903845
-67.0,68,22.941589
-95.0,96,22.9957
-88.0,89,23.045037
-169.0,170,23.141766
-68.0,69,23.181003
-67.0,68,23.219402
-67.0,68,23.2586
-213.0,214,23.380706
-84.0,85,23.429292
-67.0,68,23.467642
-70.0,71,23.508413
-76.0,77,23.552892
-68.0,69,23.591959
-67.0,68,23.631177
-69.0,70,23.670809
-67.0,68,23.709573
-79.0,80,23.755525
-92.0,93,23.808042
-69.0,70,23.848211
-116.0,117,23.914585
-91.0,92,23.96736
-88.0,89,24.018552
-107.0,108,24.079609
-96.0,97,24.134068
-90.0,91,24.184577
-88.0,89,24.23479
-67.0,68,24.272611
-67.0,68,24.310687
-67.0,68,24.349277
-93.0,94,24.401343
-76.0,77,24.444396
-77.0,78,24.488053
-150.0,151,24.572264
-99.0,100,24.627949
-97.0,98,24.683209
-67.0,68,24.721181
-67.0,68,24.758789
-91.0,92,24.810359
-76.0,77,24.853896
-72.0,73,24.894477
-126.0,127,24.966052
-123.0,124,25.035405
-85.0,86,25.084041
-67.0,68,25.122694
-89.0,90,25.166363
-89.0,90,25.199807
-67.0,68,25.225141
-68.0,69,25.251756
-83.0,84,25.282989
-112.0,113,25.324923
-66.0,67,25.349747
-77.0,78,25.378551
-67.0,68,25.406424
-90.0,91,25.443956
-103.0,104,25.490729
-76.0,77,25.53437
-67.0,68,25.572623
-89.0,90,25.624934
-68.0,69,25.664016
-68.0,69,25.703446
-80.0,81,25.750581
-68.0,69,25.789254
-76.0,77,25.83268
-99.0,100,25.890393
-77.0,78,25.934093
-186.0,187,26.040349
-89.0,90,26.091554
-65.0,66,26.129079
-69.0,70,26.16808
-67.0,68,26.20602
-68.0,69,26.245339
-72.0,73,26.285941
-167.0,168,26.380507
-76.0,77,26.422991
-68.0,69,26.461574
-68.0,69,26.500607
-68.0,69,26.53934
-68.0,69,26.577435
-78.0,79,26.621784
-68.0,69,26.660827
-67.0,68,26.698635
-67.0,68,26.736822
-67.0,68,26.775379
-68.0,69,26.813927
-68.0,69,26.852349
-118.0,119,26.919457
-67.0,68,26.957466
-99.0,100,27.014009
-76.0,77,27.056864
-67.0,68,27.094959
-80.0,81,27.141286
-91.0,92,27.193901
-89.0,90,27.245156
-66.0,67,27.28359
-97.0,98,27.33913
-79.0,80,27.384731
-100.0,101,27.44222
-76.0,77,27.486024
-76.0,77,27.530902
-95.0,96,27.58534
-89.0,90,27.63709
-67.0,68,27.675856
-101.0,102,27.733783
-70.0,71,27.774679
-77.0,78,27.818838
-67.0,68,27.857532
-103.0,104,27.917233
-67.0,68,27.956007
-102.0,103,28.015367
-68.0,69,28.054571
-66.0,67,28.092426
-85.0,86,28.141148
-174.0,175,28.239367
-68.0,69,28.278194
-67.0,68,28.316015
-68.0,69,28.354608
-80.0,81,28.400307
-121.0,122,28.468202
-136.0,137,28.545594
-85.0,86,28.593222
-100.0,101,28.650414
-166.0,167,28.743209
-67.0,68,28.78174
-68.0,69,28.820221
-68.0,69,28.858541
-87.0,88,28.908399
-67.0,68,28.94635
-122.0,123,29.015543
-65.0,66,29.052467
-67.0,68,29.090778
-67.0,68,29.129959
-67.0,68,29.168517
-138.0,139,29.247873
-65.0,66,29.285614
-91.0,92,29.337396
-110.0,111,29.400627
-87.0,88,29.449971
-101.0,102,29.499672
-76.0,77,29.528319
-67.0,68,29.553612
-77.0,78,29.582543
-89.0,90,29.615795
-100.0,101,29.653469
-68.0,69,29.680083
-85.0,86,29.711927
-88.0,89,29.744785
-79.0,80,29.774372
-68.0,69,29.799873
-67.0,68,29.82498
-71.0,72,29.85159
-68.0,69,29.877061
-67.0,68,29.902277
-77.0,78,29.931164
-175.0,176,29.996375
-77.0,78,30.025333
-96.0,97,30.061248
-245.0,246,30.147957
-76.0,77,30.17472
-68.0,69,30.198698
-68.0,69,30.222699
-87.0,88,30.253307
-93.0,94,30.285991
-68.0,69,30.309971
-77.0,78,30.337086
-67.0,68,30.360785
-93.0,94,30.393507
-66.0,67,30.416801
-67.0,68,30.440478
-67.0,68,30.464137
-67.0,68,30.487813
-101.0,102,30.523439
-106.0,107,30.560647
-77.0,78,30.588236
-67.0,68,30.612357
-67.0,68,30.636045
-77.0,78,30.663124
-76.0,77,30.689892
-78.0,79,30.717356
-84.0,85,30.746983
-68.0,69,30.775217
-136.0,137,30.828305
-68.0,69,30.859493
-94.0,95,30.912641
-68.0,69,30.950986
-78.0,79,30.995783
-89.0,90,31.046194
-69.0,70,31.086365
-67.0,68,31.124525
-67.0,68,31.161938
-68.0,69,31.201371
-67.0,68,31.239352
-68.0,69,31.278536
-67.0,68,31.316972
-76.0,77,31.360211
-68.0,69,31.399745
-89.0,90,31.450316
-68.0,69,31.488983
-68.0,69,31.528319
-92.0,93,31.580348
-77.0,78,31.624445
-67.0,68,31.663025
-90.0,91,31.713915
-91.0,92,31.765953
-68.0,69,31.804513
-67.0,68,31.842863
-86.0,87,31.892173
-67.0,68,31.930367
-97.0,98,31.98525
-95.0,96,32.039365
-67.0,68,32.077279
-67.0,68,32.115603
-68.0,69,32.155156
-67.0,68,32.192863
-89.0,90,32.243404
-85.0,86,32.292164
-89.0,90,32.342263
-77.0,78,32.386663
-89.0,90,32.436787
-69.0,70,32.475803
-67.0,68,32.514472
-93.0,94,32.566982
-95.0,96,32.620482
-76.0,77,32.664002
-111.0,112,32.726709
-79.0,80,32.772361
-94.0,95,32.824968
-84.0,85,32.872996
-67.0,68,32.911299
-67.0,68,32.949197
-76.0,77,32.992726
-67.0,68,33.031047
-98.0,99,33.086877
-94.0,95,33.140533
-95.0,96,33.194264
-135.0,136,33.270898
-67.0,68,33.309105
-66.0,67,33.346889
-68.0,69,33.385782
-67.0,68,33.423964
-77.0,78,33.46818
-78.0,79,33.512239
-67.0,68,33.550466
-66.0,67,33.588408
-134.0,135,33.663575
-69.0,70,33.703291
-67.0,68,33.741545
-106.0,107,33.801219
-67.0,68,33.839636
-94.0,95,33.892991
-71.0,72,33.933675
-68.0,69,33.972929
-68.0,69,34.011442
-67.0,68,34.049764
-69.0,70,34.089519
-89.0,90,34.139584
-67.0,68,34.17802
-67.0,68,34.216635
-90.0,91,34.267974
-68.0,69,34.307044
-79.0,80,34.351706
-67.0,68,34.389845
-68.0,69,34.428887
-67.0,68,34.466953
-78.0,79,34.511126
-106.0,107,34.571354
-68.0,69,34.609911
-93.0,94,34.662689
-67.0,68,34.700683
-88.0,89,34.750404
-78.0,79,34.788897
-67.0,68,34.813815
-67.0,68,34.838454
-67.0,68,34.867442
-77.0,78,34.898069
-68.0,69,34.924868
-104.0,105,34.977327
-95.0,96,35.030724
-76.0,77,35.074033
-68.0,69,35.112458
-68.0,69,35.15135
-69.0,70,35.191441
-95.0,96,35.244943
-67.0,68,35.283638
-76.0,77,35.327126
-67.0,68,35.364944
-76.0,77,35.408823
-77.0,78,35.452486
-111.0,112,35.515307
-68.0,69,35.554419
-67.0,68,35.59226
-77.0,78,35.636264
-91.0,92,35.688337
-86.0,87,35.737016
-98.0,99,35.792964
-68.0,69,35.831213
-77.0,78,35.874848
-67.0,68,35.913445
-77.0,78,35.95702
-184.0,185,36.061103
-76.0,77,36.104751
-68.0,69,36.144575
-67.0,68,36.183528
-67.0,68,36.222095
-67.0,68,36.261095
-68.0,69,36.300829
-68.0,69,36.340134
-67.0,68,36.379401
-96.0,97,36.434819
-67.0,68,36.47453
-70.0,71,36.515508
-85.0,86,36.564379
-85.0,86,36.613668
-79.0,80,36.6594
-80.0,81,36.705296
-78.0,79,36.750752
-68.0,69,36.790096
-99.0,100,36.847519
-89.0,90,36.898405
-67.0,68,36.937083
-67.0,68,36.97634
-77.0,78,37.020389
-68.0,69,37.059833
-126.0,127,37.131745
-71.0,72,37.172444
-102.0,103,37.231044
-81.0,82,37.276401
-67.0,68,37.314818
-89.0,90,37.365913
-67.0,68,37.404011
-76.0,77,37.447482
-67.0,68,37.485973
-68.0,69,37.5245
-77.0,78,37.568407
-67.0,68,37.606809
-67.0,68,37.645136
-207.0,208,37.76268
-118.0,119,37.829454
-68.0,69,37.868129
-90.0,91,37.919326
-98.0,99,37.974732
-67.0,68,38.013068
-76.0,77,38.056678
-70.0,71,38.096358
-76.0,77,38.140584
-77.0,78,38.185348
-135.0,136,38.262715
-68.0,69,38.302762
-68.0,69,38.342226
-77.0,78,38.386621
-67.0,68,38.425792
-67.0,68,38.464619
-67.0,68,38.503474
-67.0,68,38.542815
-78.0,79,38.587949
-100.0,101,38.645867
-76.0,77,38.690069
-84.0,85,38.738065
-97.0,98,38.794535
-91.0,92,38.84639
-74.0,75,38.889375
-141.0,142,38.944807
-89.0,90,38.978327
-69.0,70,39.004295
-68.0,69,39.029867
-67.0,68,39.055052
-67.0,68,39.080241
-76.0,77,39.107317
-85.0,86,39.137194
-66.0,67,39.160461
-68.0,69,39.184452
-90.0,91,39.216124
-67.0,68,39.2398
-90.0,91,39.271412
-69.0,70,39.29576
-67.0,68,39.319402
-77.0,78,39.346875
-67.0,68,39.370664
-87.0,88,39.401239
-67.0,68,39.424897
-76.0,77,39.451638
-87.0,88,39.482227
-67.0,68,39.505928
-187.0,188,39.571614
-98.0,99,39.606179
-78.0,79,39.63368
-68.0,69,39.657645
-67.0,68,39.681274
-77.0,78,39.708381
-67.0,68,39.732044
-68.0,69,39.756035
-87.0,88,39.7866
-67.0,68,39.810213
-104.0,105,39.846669
-91.0,92,39.878607
-104.0,105,39.91507
-248.0,249,40.004615
-86.0,87,40.039171
-88.0,89,40.073609
-67.0,68,40.109509
-96.0,97,40.16324
-68.0,69,40.202591
-77.0,78,40.246551
-76.0,77,40.289268
-67.0,68,40.32816
-69.0,70,40.36699
-69.0,70,40.406699
-101.0,102,40.464485
-75.0,76,40.506401
-106.0,107,40.567196
-67.0,68,40.605083
-92.0,93,40.657677
-97.0,98,40.712882
-67.0,68,40.751232
-80.0,81,40.796422
-77.0,78,40.840485
-94.0,95,40.893448
-89.0,90,40.944154
-67.0,68,40.982835
-93.0,94,41.035573
-67.0,68,41.074049
-68.0,69,41.112901
-68.0,69,41.151092
-88.0,89,41.200732
-89.0,90,41.251878
-220.0,221,41.375739
-100.0,101,41.431883
-96.0,97,41.487125
-69.0,70,41.526027
-68.0,69,41.564941
-78.0,79,41.609505
-106.0,107,41.668975
-68.0,69,41.708422
-100.0,101,41.764584
-94.0,95,41.818528
-89.0,90,41.868699
-84.0,85,41.916703
-67.0,68,41.955095
-68.0,69,41.993374
-76.0,77,42.036842
-76.0,77,42.080251
-67.0,68,42.118382
-156.0,157,42.206906
-96.0,97,42.260686
-78.0,79,42.305121
-78.0,79,42.349894
-67.0,68,42.388643
-79.0,80,42.43381
-75.0,76,42.476316
-68.0,69,42.515739
-89.0,90,42.565821
-68.0,69,42.604328
-67.0,68,42.642634
-115.0,116,42.707719
-77.0,78,42.751887
-89.0,90,42.801398
-78.0,79,42.845866
-65.0,66,42.883254
-76.0,77,42.925724
-70.0,71,42.966003
-86.0,87,43.014874
-67.0,68,43.052828
-109.0,110,43.115309
-100.0,101,43.171634
-89.0,90,43.222888
-67.0,68,43.260732
-76.0,77,43.304007
-90.0,91,43.35544
-77.0,78,43.399831
-77.0,78,43.443751
-93.0,94,43.496336
-99.0,100,43.55201
-103.0,104,43.610605
-89.0,90,43.660557
-72.0,73,43.701653
-89.0,90,43.752006
-196.0,197,43.850334
-87.0,88,43.88306
-76.0,77,43.911499
-78.0,79,43.940497
-66.0,67,43.965133
-68.0,69,43.990514
-95.0,96,44.025703
-91.0,92,44.058945
-101.0,102,44.095383
-67.0,68,44.119779
-92.0,93,44.152855
-69.0,70,44.177596
-67.0,68,44.201338
-76.0,77,44.23582
-65.0,66,44.26371
-67.0,68,44.2902
-70.0,71,44.320296
-67.0,68,44.358404
-198.0,199,44.470455
-68.0,69,44.508516
-67.0,68,44.546746
-68.0,69,44.586246
-96.0,97,44.639874
-77.0,78,44.684654
-68.0,69,44.723805
-67.0,68,44.761783
-68.0,69,44.800613
-95.0,96,44.854902
-69.0,70,44.893883
-69.0,70,44.933238
-67.0,68,44.971712
-97.0,98,45.026259
-92.0,93,45.078907
-67.0,68,45.117314
-67.0,68,45.155287
-68.0,69,45.193946
-78.0,79,45.238738
-68.0,69,45.277266
-96.0,97,45.331801
-67.0,68,45.370157
-96.0,97,45.423887
-67.0,68,45.46229
-67.0,68,45.500495
-92.0,93,45.55224
-66.0,67,45.590417
-76.0,77,45.633401
-68.0,69,45.671997
-81.0,82,45.718524
-77.0,78,45.762162
-85.0,86,45.810398
-94.0,95,45.866624
-68.0,69,45.908317
-116.0,117,45.980396
-77.0,78,46.027312
-67.0,68,46.068902
-68.0,69,46.112272
-77.0,78,46.155554
-97.0,98,46.210572
-95.0,96,46.264386
-107.0,108,46.324991
-67.0,68,46.363378
-89.0,90,46.412806
-78.0,79,46.457648
-192.0,193,46.565588
-67.0,68,46.6041
-98.0,99,46.658868
-67.0,68,46.697061
-67.0,68,46.735567
-87.0,88,46.784501
-159.0,160,46.874455
-89.0,90,46.924683
-89.0,90,46.976478
-92.0,93,47.028565
-67.0,68,47.066691
-67.0,68,47.105282
-136.0,137,47.183089
-68.0,69,47.222377
-85.0,86,47.271602
-67.0,68,47.309974
-84.0,85,47.358078
-77.0,78,47.403061
-91.0,92,47.455047
-97.0,98,47.510995
-67.0,68,47.549978
-85.0,86,47.598111
-68.0,69,47.637018
-76.0,77,47.681705
-91.0,92,47.733762
-95.0,96,47.788553
-68.0,69,47.828262
-67.0,68,47.866642
-95.0,96,47.921388
-137.0,138,47.999719
-77.0,78,48.04448
-89.0,90,48.095903
-77.0,78,48.139095
-79.0,80,48.184475
-67.0,68,48.222488
-89.0,90,48.272439
-118.0,119,48.328155
-78.0,79,48.357105
-67.0,68,48.381885
-102.0,103,48.419277
-67.0,68,48.44412
-100.0,101,48.480325
-67.0,68,48.504096
-79.0,80,48.53193
-68.0,69,48.555921
-67.0,68,48.580648
-67.0,68,48.604466
-67.0,68,48.628115
-77.0,78,48.655244
-98.0,99,48.689633
-89.0,90,48.721289
-67.0,68,48.744958
-68.0,69,48.768954
-67.0,68,48.792629
-96.0,97,48.826318
-65.0,66,48.849264
-89.0,90,48.880542
-77.0,78,48.90769
-89.0,90,48.93894
-91.0,92,48.97093
-68.0,69,48.994907
-68.0,69,49.018897
-132.0,133,49.065103
-68.0,69,49.089094
-97.0,98,49.123241
-89.0,90,49.154769
-67.0,68,49.178435
-76.0,77,49.205165
-102.0,103,49.240893
-67.0,68,49.264562
-67.0,68,49.288696
-131.0,132,49.334629
-67.0,68,49.358421
-67.0,68,49.382045
-88.0,89,49.412956
-67.0,68,49.436576
-87.0,88,49.467119
-67.0,68,49.490754
-117.0,118,49.531848
-84.0,85,49.561383
-67.0,68,49.589206
-66.0,67,49.615574
-77.0,78,49.645795
-133.0,134,49.714993
-67.0,68,49.75282
-67.0,68,49.79177
-76.0,77,49.835006
-68.0,69,49.873091
-106.0,107,49.933895
-67.0,68,49.971576
-77.0,78,50.015263
-88.0,89,50.065765
-76.0,77,50.108469
-69.0,70,50.147967
-68.0,69,50.187067
-67.0,68,50.224458
-109.0,110,50.286295
-67.0,68,50.324785
-68.0,69,50.363119
-80.0,81,50.409263
-69.0,70,50.448403
-96.0,97,50.502969
-111.0,112,50.565827
-67.0,68,50.603562
-94.0,95,50.657098
-67.0,68,50.695189
-89.0,90,50.745048
-85.0,86,50.793821
-67.0,68,50.831898
-104.0,105,50.891003
-80.0,81,50.936762
-95.0,96,50.990047
-69.0,70,51.029891
-67.0,68,51.068055
-67.0,68,51.105705
-100.0,101,51.162751
-68.0,69,51.201375
-77.0,78,51.244978
-68.0,69,51.284063
-67.0,68,51.322117
-68.0,69,51.360229
-77.0,78,51.404449
-70.0,71,51.444497
-67.0,68,51.48201
-212.0,213,51.601467
-153.0,154,51.688221
-67.0,68,51.726028
-93.0,94,51.778999
-67.0,68,51.817222
-85.0,86,51.864916
-67.0,68,51.903466
-78.0,79,51.94774
-68.0,69,51.986106
-79.0,80,52.031637
-94.0,95,52.084482
-68.0,69,52.123377
-89.0,90,52.174037
-68.0,69,52.212305
-69.0,70,52.251625
-67.0,68,52.290339
-89.0,90,52.340688
-67.0,68,52.37901
-95.0,96,52.433054
-67.0,68,52.47069
-96.0,97,52.525143
-68.0,69,52.564267
-91.0,92,52.615351
-68.0,69,52.654625
-67.0,68,52.692711
-84.0,85,52.74048
-66.0,67,52.778573
-67.0,68,52.816305
-88.0,89,52.865581
-113.0,114,52.930163
-101.0,102,52.987184
-70.0,71,53.027438
-67.0,68,53.065157
-72.0,73,53.106272
-67.0,68,53.144891
-107.0,108,53.205124
-68.0,69,53.244084
-90.0,91,53.295318
-87.0,88,53.344077
-78.0,79,53.388865
-101.0,102,53.445807
-67.0,68,53.48427
-67.0,68,53.522883
-68.0,69,53.561238
-67.0,68,53.59938
-67.0,68,53.630315
-77.0,78,53.658652
-68.0,69,53.682904
-106.0,107,53.720567
-68.0,69,53.745331
-70.0,71,53.77025
-96.0,97,53.804311
-100.0,101,53.839746
-90.0,91,53.87209
-167.0,168,53.939584
-67.0,68,53.967994
-99.0,100,54.023805
-79.0,80,54.068866
-67.0,68,54.108125
-90.0,91,54.158631
-97.0,98,54.213772
-67.0,68,54.252524
-66.0,67,54.289529
-68.0,69,54.327719
-68.0,69,54.367089
-88.0,89,54.416973
-67.0,68,54.455017
-67.0,68,54.49315
-68.0,69,54.532161
-106.0,107,54.591933
-67.0,68,54.630239
-90.0,91,54.681379
-68.0,69,54.720152
-105.0,106,54.779835
-67.0,68,54.817982
-67.0,68,54.856036
-67.0,68,54.894542
-86.0,87,54.942979
-175.0,176,55.042082
-94.0,95,55.095342
-85.0,86,55.14464
-88.0,89,55.195372
-67.0,68,55.233623
-96.0,97,55.289229
-67.0,68,55.328017
-89.0,90,55.379298
-68.0,69,55.418943
-100.0,101,55.475701
-101.0,102,55.534448
-67.0,68,55.573132
-88.0,89,55.623726
-124.0,125,55.695089
-88.0,89,55.745716
-70.0,71,55.786783
-69.0,70,55.826319
-67.0,68,55.865141
-67.0,68,55.904454
-68.0,69,55.943862
-64.0,65,55.981391
-67.0,68,56.021132
-182.0,183,56.124938
-101.0,102,56.183199
-68.0,69,56.222083
-78.0,79,56.266989
-67.0,68,56.306043
-90.0,91,56.357436
-97.0,98,56.413247
-100.0,101,56.470795
-90.0,91,56.522512
-67.0,68,56.561445
-82.0,83,56.608172
-89.0,90,56.659607
-86.0,87,56.7089
-66.0,67,56.746616
-97.0,98,56.802631
-68.0,69,56.841688
-76.0,77,56.88579
-121.0,122,56.955245
-95.0,96,57.008995
-67.0,68,57.048342
-93.0,94,57.101396
-65.0,66,57.140273
-68.0,69,57.180584
-68.0,69,57.220115
-67.0,68,57.259524
-68.0,69,57.299695
-94.0,95,57.354032
-113.0,114,57.419977
-111.0,112,57.483836
-67.0,68,57.523039
-67.0,68,57.562644
-91.0,92,57.615129
-68.0,69,57.655535
-87.0,88,57.70658
-68.0,69,57.745918
-77.0,78,57.791057
-78.0,79,57.836918
-96.0,97,57.892051
-67.0,68,57.931703
-67.0,68,57.971126
-96.0,97,58.02629
-78.0,79,58.068062
-119.0,120,58.112972
-80.0,81,58.143165
-68.0,69,58.168995
-87.0,88,58.20173
-67.0,68,58.227088
-75.0,76,58.255327
-67.0,68,58.280379
-80.0,81,58.309666
-73.0,74,58.336003
-97.0,98,58.376808
-68.0,69,58.404042
-65.0,66,58.43277
-77.0,78,58.47682
-84.0,85,58.524333
-67.0,68,58.564012
-94.0,95,58.61785
-67.0,68,58.656065
-86.0,87,58.706531
-67.0,68,58.747527
-93.0,94,58.81472
-78.0,79,58.864458
-67.0,68,58.908442
-68.0,69,58.947344
-68.0,69,58.98625
-77.0,78,59.029792
-67.0,68,59.067945
-67.0,68,59.106507
-76.0,77,59.149965
-92.0,93,59.203945
-108.0,109,59.265682
-68.0,69,59.304946
-67.0,68,59.343873
-67.0,68,59.382411
-67.0,68,59.42119
-68.0,69,59.460705
-92.0,93,59.513401
-77.0,78,59.557886
-85.0,86,59.607155
-67.0,68,59.645577
-78.0,79,59.690419
-79.0,80,59.736038
-65.0,66,59.77335
-88.0,89,59.823725
-67.0,68,59.862755
-115.0,116,59.928027
-68.0,69,59.967555
-111.0,112,60.031344
-68.0,69,60.070487
-84.0,85,60.11925
-67.0,68,60.157279
-95.0,96,60.211138
-97.0,98,60.266331
-76.0,77,60.309108
-67.0,68,60.347335
-78.0,79,60.392103
-68.0,69,60.430306
-67.0,68,60.468139
-68.0,69,60.507034
-68.0,69,60.54601
-70.0,71,60.585073
-67.0,68,60.622963
-67.0,68,60.661408
-67.0,68,60.699417
-112.0,113,60.762908
-67.0,68,60.801462
-75.0,76,60.843999
-68.0,69,60.883413
-71.0,72,60.924118
-67.0,68,60.961757
-65.0,66,60.998863
-86.0,87,61.047915
-84.0,85,61.095135
-68.0,69,61.134627
-68.0,69,61.174231
-65.0,66,61.211507
-67.0,68,61.249833
-68.0,69,61.289397
-68.0,69,61.328782
-67.0,68,61.367394
-85.0,86,61.416867
-68.0,69,61.452058
-108.0,109,61.500172
-68.0,69,61.53989
-92.0,93,61.592529
-168.0,169,61.688987
-92.0,93,61.741506
-68.0,69,61.781458
-76.0,77,61.825266
-86.0,87,61.874742
-103.0,104,61.934571
-89.0,90,61.984915
-67.0,68,62.023233
-134.0,135,62.10041
-133.0,134,62.175857
-67.0,68,62.213988
-76.0,77,62.256534
-103.0,104,62.315225
-67.0,68,62.353026
-111.0,112,62.416661
-78.0,79,62.460629
-76.0,77,62.504038
-70.0,71,62.544312
-89.0,90,62.594257
-88.0,89,62.639882
-67.0,68,62.66421
-67.0,68,62.688162
-68.0,69,62.712787
-78.0,79,62.740343
-85.0,86,62.770257
-68.0,69,62.794241
-91.0,92,62.826206
-96.0,97,62.859913
-100.0,101,62.894999
-91.0,92,62.92698
-67.0,68,62.950688
-66.0,67,62.973977
-68.0,69,62.99799
-68.0,69,63.021955
-78.0,79,63.049392
-67.0,68,63.072998
-67.0,68,63.096627
-79.0,80,63.124418
-84.0,85,63.153925
-94.0,95,63.186899
-165.0,166,63.244661
-67.0,68,63.268301
-100.0,101,63.303371
-67.0,68,63.327023
-77.0,78,63.354094
-102.0,103,63.389981
-78.0,79,63.417403
-83.0,84,63.446574
-67.0,68,63.470218
-67.0,68,63.493863
-79.0,80,63.521645
-68.0,69,63.545603
-68.0,69,63.569583
-67.0,68,63.593204
-75.0,76,63.619619
-76.0,77,63.646367
-77.0,78,63.673462
-91.0,92,63.705412
-69.0,70,63.729846
-85.0,86,63.761514
-66.0,67,63.789194
-77.0,78,63.819579
-76.0,77,63.856468
-65.0,66,63.893194
-77.0,78,63.936137
-68.0,69,63.975879
-68.0,69,64.014349
-84.0,85,64.061274
-70.0,71,64.101771
-99.0,100,64.157741
-86.0,87,64.20574
-130.0,131,64.280264
-68.0,69,64.318996
-94.0,95,64.373252
-67.0,68,64.41098
-68.0,69,64.449157
-97.0,98,64.504916
-77.0,78,64.548028
-120.0,121,64.616443
-66.0,67,64.65379
-67.0,68,64.691662
-67.0,68,64.730218
-89.0,90,64.781397
-77.0,78,64.824512
-68.0,69,64.863584
-67.0,68,64.901869
-89.0,90,64.951591
-98.0,99,65.007571
-67.0,68,65.045523
-68.0,69,65.083778
-79.0,80,65.128987
-70.0,71,65.169337
-105.0,106,65.228441
-67.0,68,65.267129
-91.0,92,65.318376
-68.0,69,65.357497
-68.0,69,65.396677
-96.0,97,65.450323
-86.0,87,65.499188
-67.0,68,65.537429
-67.0,68,65.575047
-76.0,77,65.617869
-67.0,68,65.656659
-107.0,108,65.716398
-78.0,79,65.761029
-70.0,71,65.801246
-102.0,103,65.858024
-112.0,113,65.922059
-105.0,106,65.980889
-110.0,111,66.043517
-239.0,240,66.179168
-67.0,68,66.217878
-77.0,78,66.263093
-92.0,93,66.315815
-68.0,69,66.354731
-67.0,68,66.394258
-87.0,88,66.444283
-81.0,82,66.490665
-68.0,69,66.53052
-87.0,88,66.580276
-76.0,77,66.624164
-67.0,68,66.663309
-107.0,108,66.724806
-68.0,69,66.764688
-81.0,82,66.811273
-189.0,190,66.919648
-67.0,68,66.958137
-67.0,68,66.996414
-67.0,68,67.035455
-66.0,67,67.074036
-67.0,68,67.112529
-68.0,69,67.151584
-76.0,77,67.195495
-67.0,68,67.233324
-68.0,69,67.271385
-85.0,86,67.320029
-95.0,96,67.373808
-129.0,130,67.446563
-78.0,79,67.49119
-78.0,79,67.535467
-68.0,69,67.574633
-68.0,69,67.613548
-114.0,115,67.677255
-78.0,79,67.72223
-141.0,142,67.801288
-84.0,85,67.84937
-70.0,71,67.88904
-67.0,68,67.926719
-89.0,90,67.972697
-69.0,70,67.998618
-67.0,68,68.023699
-72.0,73,68.050671
-68.0,69,68.076166
-77.0,78,68.104805
-65.0,66,68.129334
-68.0,69,68.154975
-108.0,109,68.195501
-68.0,69,68.221091
-67.0,68,68.246281
-76.0,77,68.279231
-78.0,79,68.310127
-76.0,77,68.340492
-67.0,68,68.381021
-69.0,70,68.420166
-67.0,68,68.459126
-67.0,68,68.498716
-69.0,70,68.538225
-90.0,91,68.589586
-65.0,66,68.627887
-81.0,82,68.673887
-68.0,69,68.712893
-85.0,86,68.76256
-97.0,98,68.817852
-67.0,68,68.857012
-78.0,79,68.902378
-80.0,81,68.948093
-69.0,70,68.988454
-89.0,90,69.039919
-77.0,78,69.08396
-67.0,68,69.122988
-134.0,135,69.198544
-67.0,68,69.237747
-67.0,68,69.275472
-67.0,68,69.313675
-97.0,98,69.369064
-71.0,72,69.408708
-67.0,68,69.446927
-167.0,168,69.540984
-68.0,69,69.580242
-77.0,78,69.624225
-89.0,90,69.673813
-89.0,90,69.725157
-68.0,69,69.763403
-67.0,68,69.801119
-68.0,69,69.840422
-70.0,71,69.879917
-86.0,87,69.928281
-67.0,68,69.967025
-77.0,78,70.010613
-91.0,92,70.062197
-100.0,101,70.11923
-67.0,68,70.157478
-78.0,79,70.202661
-82.0,83,70.25027
-97.0,98,70.305408
-67.0,68,70.344401
-89.0,90,70.396122
-86.0,87,70.445166
-78.0,79,70.490434
-155.0,156,70.579329
-77.0,78,70.624128
-73.0,74,70.666705
-121.0,122,70.735836
-67.0,68,70.775215
-68.0,69,70.814417
-69.0,70,70.853892
-67.0,68,70.892982
-78.0,79,70.938027
-136.0,137,71.016223
-94.0,95,71.070027
-78.0,79,71.114746
-177.0,178,71.214991
-67.0,68,71.25276
-96.0,97,71.307902
-67.0,68,71.345928
-92.0,93,71.397637
-95.0,96,71.4521
-67.0,68,71.489562
-68.0,69,71.528561
-70.0,71,71.568823
-107.0,108,71.628606
-104.0,105,71.688187
-67.0,68,71.725761
-78.0,79,71.769689
-66.0,67,71.807615
-68.0,69,71.846536
-80.0,81,71.891509
-165.0,166,71.985043
-67.0,68,72.022565
-76.0,77,72.066259
-68.0,69,72.104987
-102.0,103,72.162704
-66.0,67,72.201145
-68.0,69,72.240654
-76.0,77,72.284179
-87.0,88,72.334621
-79.0,80,72.379924
-68.0,69,72.418973
-69.0,70,72.456692
-67.0,68,72.482189
-109.0,110,72.523509
-67.0,68,72.549019
-77.0,78,72.578209
-94.0,95,72.613515
-111.0,112,72.655113
-67.0,68,72.680464
-65.0,66,72.704927
-67.0,68,72.730075
-116.0,117,72.773186
-76.0,77,72.801562
-67.0,68,72.826634
-91.0,92,72.860591
-96.0,97,72.896427
-67.0,68,72.92153
-106.0,107,72.961028
-77.0,78,72.989885
-68.0,69,73.015372
-102.0,103,73.053431
-75.0,76,73.081558
-67.0,68,73.106714
-80.0,81,73.135516
-65.0,66,73.158433
-92.0,93,73.190794
-95.0,96,73.224203
-67.0,68,73.247852
-67.0,68,73.271515
-131.0,132,73.317444
-92.0,93,73.349934
-68.0,69,73.373906
-89.0,90,73.4052
-68.0,69,73.429165
-68.0,69,73.453105
-78.0,79,73.48071
-103.0,104,73.5169
-68.0,69,73.540882
-89.0,90,73.572181
-67.0,68,73.595969
-116.0,117,73.636582
-101.0,102,73.671992
-67.0,68,73.695611
-78.0,79,73.723022
-68.0,69,73.747059
-68.0,69,73.772155
-112.0,113,73.818087
-67.0,68,73.844427
-69.0,70,73.880223
-66.0,67,73.917418
-67.0,68,73.955288
-165.0,166,74.048768
-77.0,78,74.092284
-76.0,77,74.13644
-91.0,92,74.18773
-96.0,97,74.24235
-68.0,69,74.281631
-101.0,102,74.337973
-128.0,129,74.411015
-67.0,68,74.448607
-67.0,68,74.486741
-134.0,135,74.562439
-122.0,123,74.631165
-77.0,78,74.675077
-76.0,77,74.717834
-77.0,78,74.762282
-174.0,175,74.860437
-91.0,92,74.912843
-68.0,69,74.951487
-90.0,91,75.002186
-69.0,70,75.041921
-73.0,74,75.083102
-68.0,69,75.121276
-87.0,88,75.170949
-67.0,68,75.208966
-67.0,68,75.246971
-99.0,100,75.303847
-94.0,95,75.356617
-67.0,68,75.394327
-67.0,68,75.43268
-67.0,68,75.470965
-76.0,77,75.513558
-115.0,116,75.578898
-76.0,77,75.622061
-67.0,68,75.659742
-92.0,93,75.712152
-88.0,89,75.762069
-67.0,68,75.800158
-76.0,77,75.843999
-68.0,69,75.88259
-68.0,69,75.921046
-70.0,71,75.962066
-79.0,80,76.00697
-69.0,70,76.045701
-79.0,80,76.090863
-102.0,103,76.148703
-127.0,128,76.220038
-79.0,80,76.265367
-101.0,102,76.321688
-76.0,77,76.36554
-106.0,107,76.425941
-92.0,93,76.477693
-67.0,68,76.516149
-67.0,68,76.554062
-90.0,91,76.604728
-95.0,96,76.65905
-78.0,79,76.703179
-87.0,88,76.752218
-66.0,67,76.790209
-65.0,66,76.82711
-100.0,101,76.883317
-91.0,92,76.935329
-67.0,68,76.972919
-76.0,77,77.015882
-91.0,92,77.068111
-88.0,89,77.117523
-69.0,70,77.156811
-89.0,90,77.207633
-67.0,68,77.245512
-76.0,77,77.288768
-67.0,68,77.327069
-93.0,94,77.379242
-67.0,68,77.41784
-67.0,68,77.456532
-103.0,104,77.514695
-107.0,108,77.575727
-67.0,68,77.614033
-69.0,70,77.653241
-89.0,90,77.704362
-67.0,68,77.742539
-68.0,69,77.781289
-68.0,69,77.82032
-87.0,88,77.869574
-67.0,68,77.907324
-68.0,69,77.946607
-68.0,69,77.985665
-93.0,94,78.037423
-101.0,102,78.092074
-76.0,77,78.120571
-87.0,88,78.153035
-88.0,89,78.185784
-65.0,66,78.21011
-67.0,68,78.234596
-65.0,66,78.258284
-68.0,69,78.28306
-100.0,101,78.318553
-67.0,68,78.342266
-76.0,77,78.372322
-100.0,101,78.412594
-65.0,66,78.438231
-67.0,68,78.474437
-67.0,68,78.512163
-67.0,68,78.550066
-94.0,95,78.604035
-77.0,78,78.646874
-67.0,68,78.685373
-77.0,78,78.729552
-76.0,77,78.771979
-93.0,94,78.824249
-99.0,100,78.880893
-67.0,68,78.918769
-75.0,76,78.961103
-68.0,69,79.000251
-89.0,90,79.050504
-67.0,68,79.088498
-69.0,70,79.128006
-68.0,69,79.166874
-185.0,186,79.271171
-68.0,69,79.30986
-92.0,93,79.361578
-68.0,69,79.400679
-77.0,78,79.446885
-105.0,106,79.512062
-67.0,68,79.553589
-77.0,78,79.600452
-95.0,96,79.65949
-67.0,68,79.700739
-67.0,68,79.742157
-118.0,119,79.815294
-67.0,68,79.856374
-67.0,68,79.897554
-135.0,136,79.980773
-68.0,69,80.022322
-68.0,69,80.063523
-69.0,70,80.106481
-126.0,127,80.18051
-89.0,90,80.231235
-67.0,68,80.26924
-77.0,78,80.312722
-116.0,117,80.378482
-77.0,78,80.422127
-77.0,78,80.46632
-93.0,94,80.519486
-78.0,79,80.564099
-86.0,87,80.613438
-95.0,96,80.666914
-68.0,69,80.705491
-76.0,77,80.749109
-67.0,68,80.786795
-67.0,68,80.825025
-95.0,96,80.879245
-78.0,79,80.922925
-68.0,69,80.961507
-77.0,78,81.005942
-90.0,91,81.056347
-89.0,90,81.106768
-68.0,69,81.1458
-86.0,87,81.194261
-96.0,97,81.248777
-72.0,73,81.289647
-77.0,78,81.332866
-76.0,77,81.376508
-67.0,68,81.414416
-67.0,68,81.452453
-86.0,87,81.501894
-67.0,68,81.539694
-67.0,68,81.577437
