#{"t_start": 1614621991.3443117, "env_id": "Pendulum-v0"}
r,l,t
-272.61789,200,2.668864
-130.193301,200,2.770247
-238.913212,200,2.871836
-128.727049,200,2.973669
-239.786679,200,3.075173
-289.08132,200,3.177131
-6.345249,200,3.278669
-230.361828,200,3.380378
-6.343438,200,3.482287
-288.182302,200,3.584005
-125.145877,200,3.686074
-9.408915,200,3.788141
-237.846117,200,3.890162
-124.671298,200,3.991882
-5.890051,200,4.093732
-126.91758,200,4.195668
-5.670922,200,4.297446
-128.768509,200,4.39951
-239.62892,200,4.501085
-6.14593,200,4.60271
-129.875849,200,4.704202
-343.753356,200,4.805668
-377.242556,200,4.90754
-228.06209,200,5.009078
-130.727554,200,5.110964
-228.916276,200,5.212456
-241.450292,200,5.314027
-126.945687,200,5.415825
-125.593709,200,5.517529
-339.512532,200,5.61906
-246.74402,200,5.720711
-237.965097,200,5.822273
-6.713801,200,5.924212
-122.753414,200,6.025754
-229.874075,200,6.127485
-240.952941,200,6.229127
-354.948243,200,6.330582
-130.782002,200,6.432642
-130.186875,200,6.534563
-121.234283,200,6.636354
-265.265442,200,6.73801
-354.010554,200,6.839819
-129.289886,200,6.942631
-6.114385,200,7.044617
-128.616036,200,7.147059
-126.528792,200,7.248868
-120.408956,200,7.350759
-126.112387,200,7.453081
-7.961463,200,7.554754
-6.805664,200,7.656581
-233.684547,200,7.758133
-128.237883,200,7.859684
-120.21604,200,7.961658
-124.265761,200,8.063126
-125.662506,200,8.165016
-237.081308,200,8.266647
-129.895593,200,8.368506
-125.683206,200,8.470401
-125.273571,200,8.572375
-120.077644,200,8.673859
-128.820633,200,8.775365
-123.867688,200,8.876797
-119.876872,200,8.978487
-124.694927,200,9.079982
-120.31468,200,9.181484
-127.233761,200,9.282955
-9.001696,200,9.384549
-239.193998,200,9.486282
-229.938115,200,9.587867
-121.376943,200,9.69014
-127.214325,200,9.791745
-130.827836,200,9.893435
-226.556163,200,9.994831
-7.46034,200,10.096069
-119.242776,200,10.197459
-6.832438,200,10.298578
-120.355622,200,10.400046
-128.080424,200,10.501144
-123.695598,200,10.602534
-130.536962,200,10.703729
-251.146101,200,10.804947
-8.511186,200,10.906448
-331.903827,200,11.007581
-131.009068,200,11.109087
-127.936021,200,11.210444
-127.468607,200,11.311589
-333.342109,200,11.413066
-122.516974,200,11.51432
-129.817887,200,11.615501
-125.602446,200,11.717073
-129.159689,200,11.818444
-126.183348,200,11.920032
-120.2121,200,12.021233
-129.379017,200,12.122507
-5.635293,200,12.223551
-247.276742,200,12.324708
-129.4521,200,12.426241
-122.558767,200,12.527626
-126.057601,200,12.629124
-224.765054,200,12.730506
-122.937769,200,12.831977
-121.148648,200,12.933501
-244.994394,200,13.034654
-351.682697,200,13.136161
-360.296923,200,13.2374
-128.857052,200,13.338732
-123.982132,200,13.439935
-237.734369,200,13.541217
-124.556317,200,13.642587
-359.331957,200,13.74369
-129.474549,200,13.8449
-130.218436,200,13.946617
-237.798187,200,14.047701
-125.308442,200,14.149281
-123.768475,200,14.250491
-224.721309,200,14.351755
-247.710931,200,14.453143
-130.508533,200,14.554183
-122.045316,200,14.655448
-128.646134,200,14.756685
-245.434575,200,14.857765
-125.311137,200,14.959382
-122.863353,200,15.060538
-247.864774,200,15.161916
-129.19441,200,15.263028
-242.798983,200,15.364441
-128.803202,200,15.465752
-128.573673,200,15.567146
-127.741826,200,15.668293
-230.013692,200,15.769671
-5.87513,200,15.871145
-243.468414,200,15.973135
-129.898779,200,16.074548
-122.215465,200,16.176009
-240.349732,200,16.277224
-258.99198,200,16.378559
-122.167593,200,16.479675
-229.826033,200,16.580907
-123.513452,200,16.682018
-241.010716,200,16.783386
-122.301683,200,16.884914
-235.388768,200,16.986519
-255.867815,200,17.087804
-126.875883,200,17.189297
-125.938485,200,17.29052
-127.378384,200,17.392057
-8.954617,200,17.493896
-124.669974,200,17.595341
-7.991496,200,17.69727
-345.701782,200,17.798985
-350.237185,200,17.900502
-239.277325,200,18.001879
-5.993659,200,18.103432
-118.715211,200,18.204594
-124.459583,200,18.305853
-244.429408,200,18.4074
-120.202574,200,18.508687
-130.43216,200,18.609917
-120.217217,200,18.711112
-127.641058,200,18.812325
-232.169745,200,18.913744
-123.783407,200,19.014934
-331.598784,200,19.11633
-124.218102,200,19.217598
-128.531549,200,19.318941
-129.156741,200,19.420614
-123.864202,200,19.522112
-347.55835,200,19.623349
-124.383373,200,19.724586
-125.774696,200,19.825611
-332.245962,200,19.927133
-128.855021,200,20.028364
-130.258812,200,20.129939
-310.350967,200,20.230961
-122.874958,200,20.33233
-230.716789,200,20.433724
-11.205156,200,20.5351
-362.182313,200,20.636275
-128.368923,200,20.737462
-240.192044,200,20.838896
-340.394736,200,20.940317
-123.917681,200,21.041543
-121.824526,200,21.142935
-124.276846,200,21.244093
-234.02496,200,21.345433
-129.638071,200,21.447343
-127.843258,200,21.548698
-6.188588,200,21.650365
-240.355257,200,21.752132
-6.244966,200,21.853786
-119.537549,200,21.956335
-222.035383,200,22.058478
-122.297753,200,22.160144
-311.81749,200,22.261458
-129.174956,200,22.362875
-243.960655,200,22.46419
-125.400387,200,22.565432
-231.233396,200,22.666469
-243.991376,200,22.767561
-131.278428,200,22.868858
-240.786356,200,22.970307
-122.923498,200,23.071481
-130.921554,200,23.173049
-125.888913,200,23.274489
-124.095549,200,23.37603
-130.117545,200,23.477554
-131.029003,200,23.57872
-123.957122,200,23.680273
-122.286989,200,23.78149
-5.618771,200,23.882802
-127.531933,200,23.984143
-122.272726,200,24.085441
-126.561855,200,24.18653
-6.087397,200,24.287888
-337.065967,200,24.389333
-6.376463,200,24.490401
-7.484152,200,24.591484
-125.216738,200,24.692608
-236.085006,200,24.793743
-252.417939,200,24.894904
-126.244302,200,24.996302
-128.998551,200,25.097553
-5.87455,200,25.198605
-237.520459,200,25.29972
-239.657737,200,25.401139
-130.470832,200,25.502394
-368.50064,200,25.603627
-124.068411,200,25.704951
-360.57728,200,25.806269
-7.84725,200,25.907482
-118.964905,200,26.008923
-245.280311,200,26.11209
-128.72742,200,26.216413
-9.941812,200,26.318766
-243.509669,200,26.420578
-324.744663,200,26.521648
-125.940094,200,26.622735
-129.694394,200,26.723777
-122.377836,200,26.824935
-118.868474,200,26.926471
-128.729341,200,27.027742
-303.809668,200,27.12901
-130.61088,200,27.230056
-124.212653,200,27.331025
-355.894671,200,27.43224
-7.776568,200,27.533431
-241.70711,200,27.634561
-341.854945,200,27.735926
-295.102992,200,27.837133
-130.178209,200,27.938716
-128.105364,200,28.039789
-241.191352,200,28.14096
-128.931794,200,28.241971
-255.849255,200,28.343066
-129.635659,200,28.444414
-233.768663,200,28.545522
-119.550062,200,28.64673
-128.674903,200,28.748036
-127.586983,200,28.849184
-240.707127,200,28.950633
-126.632957,200,29.051938
-230.863261,200,29.153223
-129.920754,200,29.254284
-5.649483,200,29.355447
-123.177326,200,29.456604
-243.365491,200,29.55775
-237.5445,200,29.658783
-126.023486,200,29.759967
-128.157159,200,29.861171
-129.756932,200,29.962731
-346.654757,200,30.063989
-5.983489,200,30.165256
-129.538287,200,30.266379
-122.124667,200,30.367647
-249.218629,200,30.46901
-128.502682,200,30.570544
-119.858277,200,30.671843
-124.262672,200,30.772925
-347.687532,200,30.87419
-124.090392,200,30.975992
-127.806327,200,31.077291
-124.797729,200,31.178635
-128.761327,200,31.279625
-119.91281,200,31.380792
-126.070459,200,31.481995
-130.122865,200,31.583298
-124.056096,200,31.684665
-349.619135,200,31.786015
-129.149963,200,31.887225
-6.043253,200,31.988554
-124.87611,200,32.089709
-231.192077,200,32.191097
-118.086729,200,32.292236
-6.307885,200,32.393517
-130.826984,200,32.494682
-118.74612,200,32.595913
-5.818605,200,32.696969
-240.432183,200,32.798237
-122.472493,200,32.899376
-119.304345,200,33.001009
-128.437743,200,33.102624
-234.949178,200,33.203851
-119.142573,200,33.304861
-127.365682,200,33.406132
-249.550338,200,33.507441
-124.530538,200,33.608523
-128.11746,200,33.709599
-6.007992,200,33.81091
-124.184851,200,33.912397
-130.508366,200,34.013648
-129.083181,200,34.114995
-122.776035,200,34.216472
-235.927867,200,34.317724
-127.542115,200,34.419091
-241.332866,200,34.52058
-6.113538,200,34.621794
-128.408129,200,34.722909
-128.828498,200,34.823887
-132.02,200,34.925444
-326.465039,200,35.026477
-129.807967,200,35.127878
-124.737103,200,35.229088
-126.54405,200,35.330184
-243.035123,200,35.431397
-123.680235,200,35.532694
-128.971424,200,35.634112
-340.144485,200,35.735463
-5.886894,200,35.836743
-9.226144,200,35.938118
-131.391243,200,36.039392
-123.449999,200,36.140608
-128.202726,200,36.241767
-242.74008,200,36.342931
-123.302844,200,36.444245
-127.185722,200,36.545378
-130.664948,200,36.646756
-118.206564,200,36.747989
-123.55364,200,36.84912
-120.491564,200,36.950547
-247.101754,200,37.051786
-229.436304,200,37.153152
-129.935324,200,37.254353
-228.115487,200,37.355349
-227.950076,200,37.456476
-121.874164,200,37.557633
-131.489339,200,37.658792
-245.848217,200,37.760006
-225.168506,200,37.861477
-128.253306,200,37.962981
-130.120775,200,38.064115
-6.374588,200,38.165261
-123.500216,200,38.266296
-124.791895,200,38.367481
-121.260018,200,38.468595
-130.058309,200,38.569718
-240.831626,200,38.670858
-322.662356,200,38.771956
-129.703915,200,38.873158
-124.214457,200,38.974758
-241.322857,200,39.075945
-225.893726,200,39.177446
-129.475336,200,39.278651
-8.112825,200,39.379774
-237.142586,200,39.480904
-5.822418,200,39.58203
-130.695669,200,39.683399
-120.733481,200,39.784766
-6.018773,200,39.885919
-128.908879,200,39.987203
-236.677106,200,40.088375
-240.635689,200,40.189762
-119.510361,200,40.290902
-337.874032,200,40.392203
-129.737977,200,40.493485
-242.113045,200,40.594855
-241.379034,200,40.696065
-129.990096,200,40.797474
-331.067428,200,40.898579
-131.065243,200,40.999885
-235.972667,200,41.10149
-231.432657,200,41.20277
-251.997022,200,41.304177
-250.388928,200,41.40538
-128.750057,200,41.50671
-128.666888,200,41.607784
-131.185863,200,41.709188
-119.613892,200,41.810347
-347.339439,200,41.911434
-121.887319,200,42.012928
-129.153445,200,42.1145
-230.721897,200,42.215689
-6.641193,200,42.316812
-127.697268,200,42.418025
-236.017607,200,42.519136
-123.557467,200,42.620247
-124.140191,200,42.721522
-240.203191,200,42.822819
-239.609163,200,42.924286
-120.303711,200,43.025348
-129.042229,200,43.126569
-129.170052,200,43.227661
-128.881291,200,43.328739
-129.715481,200,43.430222
-5.856193,200,43.531198
-353.739707,200,43.632552
-124.647805,200,43.733726
-237.593315,200,43.83502
-7.010492,200,43.936344
-120.28085,200,44.037506
-239.605679,200,44.138964
-129.440938,200,44.240166
-122.092006,200,44.341379
-125.654489,200,44.442721
-244.282546,200,44.544009
-129.151673,200,44.645098
-123.403463,200,44.746078
-129.824748,200,44.847222
-370.021277,200,44.948577
-120.965625,200,45.049925
-236.869336,200,45.151525
-127.234955,200,45.252766
-128.583803,200,45.354164
-130.294462,200,45.455456
-122.670244,200,45.556583
-243.982097,200,45.658047
-5.783252,200,45.759238
-128.723076,200,45.860301
-125.67436,200,45.961912
-131.693933,200,46.063196
-130.641116,200,46.164624
-129.524505,200,46.265797
-237.920418,200,46.367016
-5.87216,200,46.468371
-242.720705,200,46.56944
-123.361864,200,46.670585
-128.105632,200,46.77157
-129.071222,200,46.872744
-128.484845,200,46.974104
-120.181782,200,47.075145
-234.489273,200,47.176698
-124.538275,200,47.277883
-128.358549,200,47.379062
-235.27833,200,47.480245
-130.376446,200,47.581446
-239.281504,200,47.682864
-123.600165,200,47.784144
-239.119388,200,47.885475
-126.966178,200,47.986927
-230.565764,200,48.088339
-124.703327,200,48.189721
-244.836323,200,48.290787
-128.352676,200,48.392096
-129.435768,200,48.493446
-9.28814,200,48.594568
-127.691057,200,48.695874
-126.815754,200,48.797029
-350.858979,200,48.89819
-231.075496,200,48.999508
-128.444499,200,49.100762
-8.855549,200,49.201891
-122.087495,200,49.30302
-129.561757,200,49.404362
-6.40333,200,49.505436
-125.005197,200,49.606704
-249.125583,200,49.708081
-131.168747,200,49.809156
-131.257525,200,49.910356
-5.940023,200,50.011768
-242.761281,200,50.113115
-129.277624,200,50.21441
-231.31394,200,50.315543
-118.470255,200,50.416752
-130.436203,200,50.517965
-118.279132,200,50.619031
-118.942919,200,50.720227
-6.186738,200,50.821432
-319.312718,200,50.922911
-127.64291,200,51.024123
-128.475883,200,51.125305
-243.319394,200,51.226463
-119.697301,200,51.327661
-129.698845,200,51.428895
-129.942441,200,51.530197
-239.577768,200,51.631419
-360.727188,200,51.732884
-126.673154,200,51.834066
-128.508372,200,51.935492
-122.455773,200,52.03652
-230.344318,200,52.137619
-123.325845,200,52.238878
-124.675605,200,52.340241
-238.602399,200,52.441589
-128.573467,200,52.543127
-126.618419,200,52.644386
-247.116797,200,52.74562
-126.023693,200,52.846773
-129.246555,200,52.948071
-128.950999,200,53.049438
-127.601323,200,53.150709
-6.352971,200,53.251952
-118.951151,200,53.353257
-340.442589,200,53.454443
-233.05726,200,53.55568
-232.976885,200,53.657126
-131.034093,200,53.758226
-128.356,200,53.859455
-128.307285,200,53.960699
-129.637449,200,54.061993
-356.595737,200,54.163378
-128.635925,200,54.264584
-128.375081,200,54.365655
-131.625343,200,54.466866
-239.932904,200,54.567956
-232.98365,200,54.66924
-129.377214,200,54.770226
-130.367424,200,54.871459
-8.406218,200,54.972876
-128.651346,200,55.073969
-237.388478,200,55.175224
-127.288256,200,55.276357
-128.029772,200,55.377595
-124.426346,200,55.478702
-5.523577,200,55.579685
-242.005081,200,55.680912
-6.905518,200,55.782184
-123.262377,200,55.883444
-121.131891,200,55.984724
-125.15457,200,56.085963
-127.508234,200,56.189438
-232.44825,200,56.292228
-343.611918,200,56.3945
-126.361174,200,56.496143
-227.345314,200,56.597358
-239.384154,200,56.69867
-128.097407,200,56.799842
-321.657906,200,56.901049
-130.230331,200,57.002326
-128.718898,200,57.103628
-128.750588,200,57.204714
-129.765752,200,57.30589
-124.108605,200,57.407367
-237.287372,200,57.508511
-237.954807,200,57.609673
-240.672336,200,57.710826
-119.751071,200,57.811953
-128.31531,200,57.913356
-129.494482,200,58.014517
-124.493569,200,58.115648
-125.352077,200,58.216852
-6.548249,200,58.317967
-124.84225,200,58.419216
-345.637322,200,58.520376
-8.852948,200,58.621618
-122.043286,200,58.72297
-244.236817,200,58.824131
-125.003012,200,58.925287
-129.925036,200,59.026822
-245.736544,200,59.128152
-341.628754,200,59.229332
-5.569676,200,59.330343
-239.996468,200,59.43152
-6.061162,200,59.532936
-248.262594,200,59.634501
-263.754793,200,59.735945
-122.060561,200,59.837277
-6.382113,200,59.938568
-131.645013,200,60.04006
-127.424753,200,60.141365
-247.970243,200,60.24257
-128.460785,200,60.343558
-354.432258,200,60.444668
-354.318467,200,60.545735
-6.527099,200,60.646785
-127.071912,200,60.747893
-8.828567,200,60.849045
-119.174098,200,60.950283
-127.543722,200,61.051462
-227.694639,200,61.152753
-128.363209,200,61.253823
-125.075197,200,61.355111
-230.84187,200,61.456303
-235.642737,200,61.557498
-328.395719,200,61.658605
-242.470881,200,61.75981
-124.764692,200,61.861383
-5.802053,200,61.962513
-129.657442,200,62.063873
-5.861538,200,62.165036
-227.601285,200,62.266203
-6.897714,200,62.367478
-234.500376,200,62.46879
-123.367951,200,62.570044
-6.246613,200,62.671195
-282.361075,200,62.772362
-125.054817,200,62.873533
-123.819118,200,62.974749
-131.716099,200,63.076137
-129.778834,200,63.177253
-345.406704,200,63.278406
-128.368753,200,63.379668
-5.678121,200,63.480774
-120.923501,200,63.58181
-298.568458,200,63.682925
-241.755008,200,63.783918
-128.955213,200,63.885322
-6.059545,200,63.986712
-240.479615,200,64.087945
-7.592967,200,64.189121
-128.240232,200,64.290254
-240.648117,200,64.391608
-234.570108,200,64.492596
-6.524249,200,64.593752
-131.421424,200,64.694973
-229.647953,200,64.796073
-9.172398,200,64.897081
-129.2357,200,64.998587
-121.609779,200,65.099947
-125.40871,200,65.201236
-229.492677,200,65.302279
-239.987367,200,65.403543
-128.250802,200,65.504716
-129.920503,200,65.605714
-128.078307,200,65.706918
-128.918846,200,65.807965
-232.622491,200,65.909374
-121.674079,200,66.010864
-5.756114,200,66.112099
-229.903905,200,66.213324
-128.809006,200,66.314437
-122.133145,200,66.41565
-5.562722,200,66.51672
-119.716907,200,66.617751
-7.222804,200,66.71896
-5.879134,200,66.820136
-9.581646,200,66.921413
-127.820081,200,67.02322
-128.710773,200,67.12485
-122.949995,200,67.225939
-123.779864,200,67.327115
-241.23394,200,67.428469
-122.642463,200,67.529625
-121.678591,200,67.63083
-225.925908,200,67.731791
-128.147799,200,67.833104
-123.348634,200,67.934451
-125.738934,200,68.035787
-128.555153,200,68.136943
-128.405167,200,68.23807
-119.276139,200,68.339221
-5.760229,200,68.440314
-240.469186,200,68.541705
-345.480836,200,68.642915
-312.40712,200,68.74404
-127.333814,200,68.845067
-128.091789,200,68.946298
-5.690154,200,69.047339
-249.721298,200,69.148729
-227.629638,200,69.249872
-127.056396,200,69.351053
-6.320854,200,69.452219
-238.141234,200,69.553408
-129.90484,200,69.654548
-230.388837,200,69.75555
-127.249788,200,69.856873
-245.427709,200,69.958323
-130.009579,200,70.059757
-122.978092,200,70.161197
-323.601976,200,70.262256
-5.782343,200,70.363302
-131.608875,200,70.464506
-244.042175,200,70.565517
-124.108148,200,70.666548
-127.193282,200,70.767668
-128.153159,200,70.868652
-128.709068,200,70.969915
-123.321145,200,71.070892
-312.064442,200,71.172054
-133.689163,200,71.273177
-130.917992,200,71.374484
-314.278963,200,71.475745
-125.742361,200,71.576905
-128.727285,200,71.678202
-121.347412,200,71.779214
-245.218805,200,71.88023
-126.652267,200,71.981361
-5.899902,200,72.082577
-5.542897,200,72.183768
-6.326305,200,72.284805
-330.628987,200,72.386286
-230.009016,200,72.487513
-319.979714,200,72.588855
-121.153629,200,72.690116
-6.810416,200,72.791102
-225.401693,200,72.892277
-236.683632,200,72.993467
-246.796964,200,73.094749
-9.198775,200,73.196326
-5.780269,200,73.297484
-235.794984,200,73.39875
-226.986964,200,73.499831
-343.313345,200,73.601039
-128.852146,200,73.702185
-7.08209,200,73.803365
-129.53007,200,73.904619
-333.820917,200,74.006141
-123.015669,200,74.107551
-336.617039,200,74.209057
-244.611464,200,74.310632
-230.295432,200,74.411879
-124.824997,200,74.513045
-129.959448,200,74.614117
-234.408635,200,74.715366
-348.772675,200,74.816476
-5.787686,200,74.917555
-119.350111,200,75.018977
-231.758402,200,75.120198
-129.734113,200,75.221477
-248.143221,200,75.322458
-5.544419,200,75.423554
-121.174917,200,75.524637
-118.870426,200,75.625885
-124.394693,200,75.726956
-121.63318,200,75.827971
-128.304313,200,75.929187
-355.485824,200,76.030436
-241.031748,200,76.131739
-119.373485,200,76.232988
-128.0285,200,76.334234
-220.827747,200,76.435494
-118.88277,200,76.536684
-361.63377,200,76.637741
-128.611853,200,76.739015
-119.108265,200,76.8403
-130.400056,200,76.941453
-8.028473,200,77.042549
-128.446994,200,77.143715
-127.436554,200,77.245023
-128.299923,200,77.346264
-130.454883,200,77.447383
-129.574485,200,77.548672
-129.700181,200,77.649666
-127.275559,200,77.750877
-242.958525,200,77.852021
-120.511031,200,77.953211
-121.10621,200,78.054561
-122.230919,200,78.155753
-129.012689,200,78.256996
-122.454407,200,78.358438
-249.495294,200,78.459903
-129.688081,200,78.56138
