#{"t_start": 1614776603.974847, "env_id": "Acrobot-v1"}
r,l,t
-63.0,64,2.594303
-63.0,64,2.62177
-63.0,64,2.649127
-69.0,70,2.679106
-61.0,62,2.705696
-71.0,72,2.73652
-64.0,65,2.764445
-69.0,70,2.794276
-86.0,87,2.831566
-64.0,65,2.859344
-70.0,71,2.889669
-64.0,65,2.917538
-62.0,63,2.944513
-100.0,101,2.987847
-68.0,69,3.017471
-71.0,72,3.048267
-64.0,65,3.076117
-63.0,64,3.103499
-73.0,74,3.135071
-88.0,89,3.173089
-64.0,65,3.200925
-62.0,63,3.227916
-62.0,63,3.254784
-70.0,71,3.28513
-62.0,63,3.312349
-63.0,64,3.339736
-70.0,71,3.370234
-63.0,64,3.397822
-104.0,105,3.442776
-62.0,63,3.469889
-62.0,63,3.496865
-62.0,63,3.523861
-79.0,80,3.558083
-70.0,71,3.588409
-79.0,80,3.62253
-62.0,63,3.649405
-79.0,80,3.683704
-62.0,63,3.710689
-89.0,90,3.749308
-63.0,64,3.777525
-63.0,64,3.804976
-63.0,64,3.832312
-71.0,72,3.863148
-64.0,65,3.89092
-62.0,63,3.917827
-105.0,106,3.963176
-63.0,64,3.990441
-70.0,71,4.020827
-86.0,87,4.058247
-71.0,72,4.089073
-62.0,63,4.115936
-63.0,64,4.143321
-63.0,64,4.170588
-62.0,63,4.197509
-63.0,64,4.224882
-84.0,85,4.261155
-63.0,64,4.288357
-79.0,80,4.322549
-93.0,94,4.362758
-71.0,72,4.393675
-71.0,72,4.424462
-96.0,97,4.465896
-62.0,63,4.492729
-62.0,63,4.519637
-62.0,63,4.546598
-63.0,64,4.57396
-62.0,63,4.600851
-72.0,73,4.631969
-71.0,72,4.662671
-62.0,63,4.689534
-63.0,64,4.716882
-85.0,86,4.753819
-69.0,70,4.783777
-61.0,62,4.810359
-70.0,71,4.840852
-63.0,64,4.86819
-62.0,63,4.894982
-63.0,64,4.922259
-62.0,63,4.949081
-63.0,64,4.976295
-80.0,81,5.010691
-63.0,64,5.037999
-62.0,63,5.064847
-63.0,64,5.092181
-63.0,64,5.119444
-63.0,64,5.14657
-94.0,95,5.186903
-62.0,63,5.213694
-102.0,103,5.257559
-62.0,63,5.284306
-71.0,72,5.31489
-71.0,72,5.345461
-64.0,65,5.373236
-71.0,72,5.403974
-63.0,64,5.431223
-62.0,63,5.458035
-71.0,72,5.488693
-90.0,91,5.527375
-64.0,65,5.555027
-63.0,64,5.582216
-64.0,65,5.609807
-71.0,72,5.640472
-70.0,71,5.670696
-72.0,73,5.701798
-71.0,72,5.732475
-64.0,65,5.760239
-69.0,70,5.790225
-72.0,73,5.822782
-62.0,63,5.85089
-64.0,65,5.879882
-70.0,71,5.911568
-62.0,63,5.938318
-71.0,72,5.969111
-64.0,65,5.996939
-72.0,73,6.028015
-64.0,65,6.055639
-71.0,72,6.086412
-72.0,73,6.117422
-71.0,72,6.148079
-62.0,63,6.174864
-86.0,87,6.212704
-70.0,71,6.242888
-72.0,73,6.274035
-72.0,73,6.304961
-63.0,64,6.332346
-62.0,63,6.359047
-61.0,62,6.385537
-62.0,63,6.41221
-63.0,64,6.439363
-63.0,64,6.466447
-63.0,64,6.493533
-70.0,71,6.523542
-62.0,63,6.550239
-71.0,72,6.580757
-95.0,96,6.621549
-88.0,89,6.659285
-87.0,88,6.696604
-63.0,64,6.723821
-92.0,93,6.763191
-64.0,65,6.790688
-62.0,63,6.817355
-69.0,70,6.846964
-63.0,64,6.874039
-94.0,95,6.914191
-98.0,99,6.956245
-70.0,71,6.986463
-70.0,71,7.016509
-63.0,64,7.043532
-69.0,70,7.073208
-62.0,63,7.099836
-83.0,84,7.135253
-89.0,90,7.173326
-63.0,64,7.200478
-62.0,63,7.227234
-83.0,84,7.262765
-62.0,63,7.28953
-63.0,64,7.316709
-63.0,64,7.343951
-69.0,70,7.373632
-69.0,70,7.403394
-62.0,63,7.430066
-69.0,70,7.460061
-62.0,63,7.486962
-78.0,79,7.520351
-62.0,63,7.547103
-62.0,63,7.573778
-64.0,65,7.601715
-69.0,70,7.632784
-63.0,64,7.661204
-70.0,71,7.692743
-71.0,72,7.723391
-73.0,74,7.754864
-63.0,64,7.781974
-71.0,72,7.812443
-62.0,63,7.839337
-69.0,70,7.869188
-87.0,88,7.906543
-86.0,87,7.943285
-72.0,73,7.974338
-70.0,71,8.004391
-64.0,65,8.031845
-61.0,62,8.057992
-71.0,72,8.088316
-72.0,73,8.119354
-69.0,70,8.148932
-71.0,72,8.179367
-92.0,93,8.218733
-71.0,72,8.249337
-70.0,71,8.27935
-63.0,64,8.306567
-76.0,77,8.339182
-63.0,64,8.366209
-62.0,63,8.393119
-79.0,80,8.427088
-72.0,73,8.458044
-63.0,64,8.485187
-62.0,63,8.511972
-70.0,71,8.542102
-63.0,64,8.569326
-62.0,63,8.596034
-62.0,63,8.622896
-71.0,72,8.653403
-79.0,80,8.68748
-72.0,73,8.718524
-70.0,71,8.748786
-88.0,89,8.786625
-62.0,63,8.813301
-62.0,63,8.8402
-88.0,89,8.878006
-63.0,64,8.905091
-70.0,71,8.935176
-87.0,88,8.972609
-63.0,64,8.999727
-62.0,63,9.026463
-62.0,63,9.053275
-64.0,65,9.080836
-88.0,89,9.118563
-70.0,71,9.148673
-71.0,72,9.179208
-62.0,63,9.205925
-63.0,64,9.233042
-72.0,73,9.263983
-63.0,64,9.29109
-87.0,88,9.328317
-80.0,81,9.362889
-83.0,84,9.398909
-69.0,70,9.429149
-70.0,71,9.459176
-63.0,64,9.486375
-123.0,124,9.538954
-63.0,64,9.566219
-74.0,75,9.598338
-71.0,72,9.629015
-62.0,63,9.655782
-64.0,65,9.683357
-63.0,64,9.71049
-63.0,64,9.737597
-62.0,63,9.764386
-72.0,73,9.795319
-62.0,63,9.822038
-62.0,63,9.848817
-85.0,86,9.885491
-63.0,64,9.912842
-62.0,63,9.939474
-83.0,84,9.975177
-63.0,64,10.002332
-69.0,70,10.032147
-71.0,72,10.062664
-62.0,63,10.089511
-71.0,72,10.120096
-88.0,89,10.157882
-72.0,73,10.188967
-63.0,64,10.216218
-85.0,86,10.252836
-63.0,64,10.279916
-62.0,63,10.306624
-63.0,64,10.333793
-62.0,63,10.360441
-62.0,63,10.387471
-63.0,64,10.414732
-81.0,82,10.449495
-85.0,86,10.485929
-93.0,94,10.525755
-70.0,71,10.556056
-64.0,65,10.583643
-97.0,98,10.625356
-63.0,64,10.652472
-69.0,70,10.682138
-62.0,63,10.708848
-62.0,63,10.735569
-62.0,63,10.762303
-64.0,65,10.790893
-62.0,63,10.818745
-71.0,72,10.849317
-62.0,63,10.876342
-62.0,63,10.903231
-70.0,71,10.933458
-62.0,63,10.960235
-63.0,64,10.987567
-85.0,86,11.024139
-63.0,64,11.05134
-64.0,65,11.078994
-63.0,64,11.106184
-62.0,63,11.13289
-63.0,64,11.160071
-63.0,64,11.187129
-62.0,63,11.213869
-62.0,63,11.240606
-62.0,63,11.267327
-70.0,71,11.297545
-97.0,98,11.339234
-72.0,73,11.370299
-63.0,64,11.397648
-62.0,63,11.42448
-79.0,80,11.458362
-63.0,64,11.485635
-61.0,62,11.511889
-62.0,63,11.538718
-85.0,86,11.575197
-83.0,84,11.611002
-63.0,64,11.638227
-64.0,65,11.665844
-62.0,63,11.692592
-63.0,64,11.719879
-69.0,70,11.749778
-63.0,64,11.776933
-64.0,65,11.804455
-84.0,85,11.840501
-72.0,73,11.871453
-73.0,74,11.902861
-71.0,72,11.933454
-62.0,63,11.96014
-63.0,64,11.987375
-62.0,63,12.014155
-63.0,64,12.041262
-62.0,63,12.068037
-62.0,63,12.094782
-71.0,72,12.125293
-63.0,64,12.152396
-63.0,64,12.179563
-63.0,64,12.206769
-72.0,73,12.237805
-72.0,73,12.268782
-62.0,63,12.295432
-62.0,63,12.322206
-72.0,73,12.353343
-63.0,64,12.381165
-85.0,86,12.417775
-71.0,72,12.448321
-70.0,71,12.478455
-71.0,72,12.508938
-71.0,72,12.539533
-101.0,102,12.58292
-62.0,63,12.60965
-62.0,63,12.63643
-71.0,72,12.667038
-100.0,101,12.709976
-64.0,65,12.737476
-63.0,64,12.764565
-70.0,71,12.794759
-70.0,71,12.824869
-73.0,74,12.85624
-70.0,71,12.886241
-62.0,63,12.912847
-63.0,64,12.940063
-63.0,64,12.967242
-70.0,71,12.997438
-64.0,65,13.024999
-62.0,63,13.051748
-64.0,65,13.079405
-64.0,65,13.106918
-79.0,80,13.140687
-63.0,64,13.167811
-97.0,98,13.209363
-63.0,64,13.236474
-64.0,65,13.263971
-88.0,89,13.301696
-72.0,73,13.332563
-63.0,64,13.359709
-71.0,72,13.390208
-63.0,64,13.417298
-63.0,64,13.444457
-64.0,65,13.472037
-62.0,63,13.498673
-63.0,64,13.525887
-63.0,64,13.553138
-64.0,65,13.580642
-70.0,71,13.610715
-63.0,64,13.637902
-70.0,71,13.668006
-115.0,116,13.717268
-84.0,85,13.753301
-62.0,63,13.780009
-70.0,71,13.810165
-71.0,72,13.840719
-71.0,72,13.871303
-71.0,72,13.902064
-70.0,71,13.932348
-70.0,71,13.962476
-62.0,63,13.989163
-88.0,89,14.027137
-62.0,63,14.053911
-62.0,63,14.080638
-63.0,64,14.107855
-62.0,63,14.134508
-72.0,73,14.165398
-62.0,63,14.192086
-63.0,64,14.219193
-71.0,72,14.249748
-63.0,64,14.277125
-62.0,63,14.30394
-71.0,72,14.334383
-63.0,64,14.361531
-64.0,65,14.389365
-97.0,98,14.430911
-62.0,63,14.457717
-62.0,63,14.48451
-64.0,65,14.512182
-63.0,64,14.539379
-62.0,63,14.566155
-71.0,72,14.59668
-108.0,109,14.642961
-63.0,64,14.670203
-64.0,65,14.697806
-71.0,72,14.728431
-64.0,65,14.756027
-62.0,63,14.78275
-62.0,63,14.809602
-63.0,64,14.8369
-62.0,63,14.863787
-64.0,65,14.891356
-62.0,63,14.918018
-62.0,63,14.944774
-70.0,71,14.974917
-62.0,63,15.001657
-63.0,64,15.028762
-63.0,64,15.055911
-62.0,63,15.082621
-61.0,62,15.108996
-76.0,77,15.141662
-90.0,91,15.180155
-86.0,87,15.217163
-72.0,73,15.248045
-70.0,71,15.278063
-62.0,63,15.304724
-71.0,72,15.335207
-63.0,64,15.36235
-71.0,72,15.393084
-86.0,87,15.430414
-72.0,73,15.461472
-70.0,71,15.491596
-62.0,63,15.518285
-63.0,64,15.545361
-63.0,64,15.57247
-72.0,73,15.603356
-63.0,64,15.630414
-62.0,63,15.65704
-86.0,87,15.693784
-62.0,63,15.720575
-62.0,63,15.747454
-86.0,87,15.784495
-72.0,73,15.815584
-71.0,72,15.846191
-72.0,73,15.877288
-84.0,85,15.913291
-62.0,63,15.939894
-80.0,81,15.974106
-69.0,70,16.003823
-71.0,72,16.034312
-89.0,90,16.072464
-62.0,63,16.099225
-64.0,65,16.126815
-63.0,64,16.154049
-70.0,71,16.184224
-62.0,63,16.212148
-72.0,73,16.243126
-72.0,73,16.273982
-71.0,72,16.30446
-80.0,81,16.338815
-69.0,70,16.368541
-64.0,65,16.396355
-62.0,63,16.423057
-79.0,80,16.457026
-64.0,65,16.484574
-63.0,64,16.511603
-62.0,63,16.538272
-69.0,70,16.567868
-62.0,63,16.594439
-63.0,64,16.621459
-85.0,86,16.657822
-62.0,63,16.684536
-62.0,63,16.711215
-63.0,64,16.738365
-88.0,89,16.776566
-70.0,71,16.806778
-63.0,64,16.833904
-72.0,73,16.864796
-62.0,63,16.891341
-64.0,65,16.919024
-86.0,87,16.956085
-69.0,70,16.985706
-71.0,72,17.016254
-64.0,65,17.043817
-62.0,63,17.07052
-62.0,63,17.097274
-63.0,64,17.124372
-63.0,64,17.151476
-63.0,64,17.178679
-62.0,63,17.205363
-63.0,64,17.232395
-62.0,63,17.259061
-63.0,64,17.286256
-71.0,72,17.316751
-94.0,95,17.356997
-78.0,79,17.390645
-62.0,63,17.417382
-64.0,65,17.445002
-63.0,64,17.472139
-71.0,72,17.502788
-87.0,88,17.540158
-63.0,64,17.567225
-62.0,63,17.593898
-70.0,71,17.623993
-63.0,64,17.651031
-62.0,63,17.677685
-84.0,85,17.713767
-98.0,99,17.755731
-62.0,63,17.782464
-70.0,71,17.812676
-62.0,63,17.839424
-62.0,63,17.866112
-62.0,63,17.89289
-69.0,70,17.922637
-69.0,70,17.952312
-80.0,81,17.986587
-71.0,72,18.017519
-63.0,64,18.04463
-63.0,64,18.071735
-62.0,63,18.098359
-62.0,63,18.125038
-70.0,71,18.155052
-69.0,70,18.184648
-69.0,70,18.214387
-70.0,71,18.244529
-62.0,63,18.271107
-63.0,64,18.298232
-71.0,72,18.328602
-70.0,71,18.358699
-72.0,73,18.389967
-63.0,64,18.417122
-63.0,64,18.44448
-63.0,64,18.471545
-64.0,65,18.499195
-71.0,72,18.529851
-85.0,86,18.568533
-69.0,70,18.598966
-71.0,72,18.629766
-62.0,63,18.656808
-64.0,65,18.685163
-72.0,73,18.717034
-71.0,72,18.748458
-62.0,63,18.775466
-72.0,73,18.806758
-70.0,71,18.837151
-63.0,64,18.86453
-62.0,63,18.891488
-71.0,72,18.922318
-62.0,63,18.949232
-87.0,88,18.987012
-63.0,64,19.014163
-63.0,64,19.041392
-62.0,63,19.068226
-62.0,63,19.095009
-62.0,63,19.121685
-70.0,71,19.151757
-71.0,72,19.182303
-62.0,63,19.209058
-62.0,63,19.235812
-63.0,64,19.262901
-62.0,63,19.289626
-62.0,63,19.316378
-62.0,63,19.343072
-72.0,73,19.374402
-64.0,65,19.402064
-87.0,88,19.439267
-70.0,71,19.469358
-71.0,72,19.499837
-64.0,65,19.527382
-69.0,70,19.557094
-63.0,64,19.58415
-72.0,73,19.61506
-69.0,70,19.6446
-71.0,72,19.674989
-69.0,70,19.704571
-62.0,63,19.731168
-63.0,64,19.758566
-62.0,63,19.78529
-63.0,64,19.812397
-64.0,65,19.839998
-78.0,79,19.873564
-62.0,63,19.900217
-71.0,72,19.930971
-63.0,64,19.958185
-82.0,83,19.993169
-71.0,72,20.02381
-79.0,80,20.058133
-73.0,74,20.089462
-63.0,64,20.11652
-71.0,72,20.147021
-64.0,65,20.174509
-63.0,64,20.201592
-64.0,65,20.229172
-109.0,110,20.275888
-71.0,72,20.306701
-62.0,63,20.333465
-69.0,70,20.363165
-106.0,107,20.408765
-62.0,63,20.435417
-71.0,72,20.465911
-63.0,64,20.493011
-62.0,63,20.519623
-86.0,87,20.556741
-63.0,64,20.583848
-70.0,71,20.613863
-90.0,91,20.65247
-62.0,63,20.67913
-62.0,63,20.70578
-63.0,64,20.73285
-83.0,84,20.768394
-70.0,71,20.798441
-63.0,64,20.825531
-62.0,63,20.852169
-62.0,63,20.878788
-69.0,70,20.908509
-72.0,73,20.939496
-73.0,74,20.970939
-63.0,64,20.99806
-80.0,81,21.032372
-70.0,71,21.062459
-88.0,89,21.100154
-99.0,100,21.142544
-72.0,73,21.173429
-62.0,63,21.200061
-63.0,64,21.227106
-72.0,73,21.258018
-63.0,64,21.284958
-63.0,64,21.311995
-62.0,63,21.338621
-63.0,64,21.365724
-70.0,71,21.395859
-62.0,63,21.422462
-96.0,97,21.463984
-62.0,63,21.490759
-62.0,63,21.517415
-72.0,73,21.548328
-63.0,64,21.575378
-70.0,71,21.605343
-62.0,63,21.631978
-86.0,87,21.668777
-86.0,87,21.705593
-71.0,72,21.736039
-86.0,87,21.773027
-63.0,64,21.800144
-64.0,65,21.827731
-63.0,64,21.854808
-70.0,71,21.884843
-70.0,71,21.914825
-62.0,63,21.94137
-63.0,64,21.968491
-63.0,64,21.995613
-62.0,63,22.022376
-62.0,63,22.049014
-83.0,84,22.084575
-62.0,63,22.111217
-86.0,87,22.148063
-62.0,63,22.174668
-72.0,73,22.205689
-72.0,73,22.236639
-62.0,63,22.263262
-63.0,64,22.290525
-82.0,83,22.325552
-72.0,73,22.356541
-75.0,76,22.388803
-70.0,71,22.418818
-68.0,69,22.448011
-71.0,72,22.478554
-88.0,89,22.516121
-71.0,72,22.546622
-63.0,64,22.573817
-71.0,72,22.604409
-64.0,65,22.631985
-63.0,64,22.659075
-64.0,65,22.68664
-62.0,63,22.713344
-63.0,64,22.740462
-71.0,72,22.771055
-86.0,87,22.807951
-90.0,91,22.846509
-72.0,73,22.877475
-70.0,71,22.908994
-63.0,64,22.937432
-63.0,64,22.965239
-63.0,64,22.992421
-62.0,63,23.01899
-62.0,63,23.045747
-63.0,64,23.072864
-70.0,71,23.102894
-70.0,71,23.132917
-70.0,71,23.162969
-70.0,71,23.192912
-87.0,88,23.230139
-63.0,64,23.257138
-63.0,64,23.284202
-62.0,63,23.310759
-63.0,64,23.337896
-69.0,70,23.367445
-63.0,64,23.394808
-62.0,63,23.421694
-63.0,64,23.448685
-70.0,71,23.478645
-62.0,63,23.505294
-62.0,63,23.531982
-71.0,72,23.562509
-63.0,64,23.589641
-62.0,63,23.616318
-96.0,97,23.65753
-70.0,71,23.68763
-76.0,77,23.720199
-63.0,64,23.747324
-63.0,64,23.774341
-62.0,63,23.800971
-62.0,63,23.827599
-71.0,72,23.858058
-71.0,72,23.888562
-132.0,133,23.944794
-62.0,63,23.971545
-62.0,63,23.99818
-63.0,64,24.025367
-69.0,70,24.055059
-71.0,72,24.085477
-63.0,64,24.112486
-62.0,63,24.139119
-64.0,65,24.166579
-63.0,64,24.193687
-62.0,63,24.220339
-72.0,73,24.251266
-64.0,65,24.27875
-72.0,73,24.309584
-63.0,64,24.336689
-62.0,63,24.363245
-87.0,88,24.400463
-83.0,84,24.435979
-63.0,64,24.463132
-88.0,89,24.501097
-63.0,64,24.528158
-71.0,72,24.55861
-70.0,71,24.588574
-70.0,71,24.618619
-63.0,64,24.645622
-63.0,64,24.672822
-62.0,63,24.699417
-61.0,62,24.725626
-62.0,63,24.752343
-64.0,65,24.779851
-63.0,64,24.806981
-72.0,73,24.837905
-71.0,72,24.86839
-63.0,64,24.895535
-79.0,80,24.929296
-72.0,73,24.960172
-62.0,63,24.986841
-79.0,80,25.020661
-63.0,64,25.047781
-87.0,88,25.085015
-63.0,64,25.112077
-70.0,71,25.141993
-71.0,72,25.172562
-71.0,72,25.203012
-63.0,64,25.230045
-70.0,71,25.260053
-62.0,63,25.286734
-64.0,65,25.314214
-62.0,63,25.340854
-63.0,64,25.36785
-70.0,71,25.398043
-63.0,64,25.425138
-70.0,71,25.455197
-94.0,95,25.495449
-94.0,95,25.53569
-63.0,64,25.562681
-103.0,104,25.606516
-88.0,89,25.644107
-63.0,64,25.671207
-62.0,63,25.697831
-64.0,65,25.725342
-69.0,70,25.755203
-71.0,72,25.785769
-69.0,70,25.815513
-72.0,73,25.846381
-62.0,63,25.87293
-71.0,72,25.903368
-69.0,70,25.933029
-72.0,73,25.963998
-72.0,73,25.99534
-64.0,65,26.022922
-70.0,71,26.052877
-63.0,64,26.081028
-71.0,72,26.11164
-63.0,64,26.138821
-63.0,64,26.165904
-62.0,63,26.194377
-69.0,70,26.223913
-62.0,63,26.25045
-62.0,63,26.277009
-64.0,65,26.304423
-85.0,86,26.340591
-69.0,70,26.370075
-63.0,64,26.397049
-62.0,63,26.42355
-62.0,63,26.450043
-70.0,71,26.479867
-88.0,89,26.517301
-62.0,63,26.543808
-63.0,64,26.571043
-63.0,64,26.597952
-63.0,64,26.624821
-62.0,63,26.651336
-63.0,64,26.678277
-63.0,64,26.705221
-62.0,63,26.731756
-79.0,80,26.765731
-71.0,72,26.795991
-62.0,63,26.822497
-62.0,63,26.849046
-70.0,71,26.878967
-71.0,72,26.909214
-63.0,64,26.936169
-63.0,64,26.964084
-62.0,63,26.991039
-72.0,73,27.0218
-69.0,70,27.051332
-69.0,70,27.080813
-72.0,73,27.111551
-71.0,72,27.141822
-62.0,63,27.168356
-70.0,71,27.198498
-70.0,71,27.228385
-109.0,110,27.274881
-78.0,79,27.308266
-71.0,72,27.338827
-63.0,64,27.366066
-72.0,73,27.396855
-70.0,71,27.42682
-63.0,64,27.453775
-72.0,73,27.484633
-69.0,70,27.51455
-62.0,63,27.541021
-83.0,84,27.576458
-62.0,63,27.603493
-62.0,63,27.631398
-87.0,88,27.670358
-63.0,64,27.697836
-64.0,65,27.725181
-62.0,63,27.751964
-69.0,70,27.781587
-71.0,72,27.812001
-62.0,63,27.838546
-72.0,73,27.869404
-70.0,71,27.899397
-62.0,63,27.925907
-63.0,64,27.952945
-63.0,64,27.980003
-62.0,63,28.006597
-70.0,71,28.036491
-62.0,63,28.063079
-75.0,76,28.095169
-64.0,65,28.122526
-115.0,116,28.171554
-79.0,80,28.205241
-69.0,70,28.234692
-62.0,63,28.261215
-70.0,71,28.291166
-63.0,64,28.31814
-63.0,64,28.345083
-69.0,70,28.374635
-72.0,73,28.405331
-62.0,63,28.431867
-69.0,70,28.461303
-71.0,72,28.491623
-71.0,72,28.522222
-61.0,62,28.548388
-62.0,63,28.57492
-63.0,64,28.602027
-62.0,63,28.628608
-71.0,72,28.65889
-93.0,94,28.69864
-62.0,63,28.72518
-63.0,64,28.752173
-99.0,100,28.794389
-62.0,63,28.820851
-71.0,72,28.851198
-64.0,65,28.878568
-62.0,63,28.90521
-63.0,64,28.93223
-62.0,63,28.958786
-71.0,72,28.989111
-63.0,64,29.016492
-70.0,71,29.046472
-63.0,64,29.07355
-71.0,72,29.10403
-69.0,70,29.133625
-88.0,89,29.17112
-71.0,72,29.201487
-69.0,70,29.23109
-64.0,65,29.258593
-70.0,71,29.288468
-70.0,71,29.318413
-63.0,64,29.345485
-62.0,63,29.372099
-63.0,64,29.399177
-71.0,72,29.429496
-69.0,70,29.459074
-86.0,87,29.495826
-64.0,65,29.523191
-62.0,63,29.549844
-64.0,65,29.577196
-72.0,73,29.607961
-64.0,65,29.635325
-62.0,63,29.661911
-86.0,87,29.698587
-62.0,63,29.725244
-71.0,72,29.756052
-62.0,63,29.782734
-71.0,72,29.813207
-64.0,65,29.840706
-63.0,64,29.867695
-62.0,63,29.894721
-71.0,72,29.925079
-69.0,70,29.954761
-63.0,64,29.981691
-62.0,63,30.008282
-72.0,73,30.039151
-62.0,63,30.065852
-72.0,73,30.096607
-86.0,87,30.133297
-71.0,72,30.163717
-63.0,64,30.190699
-62.0,63,30.217266
-70.0,71,30.2472
-63.0,64,30.274277
-62.0,63,30.300842
-63.0,64,30.327853
-62.0,63,30.354388
-63.0,64,30.381453
-63.0,64,30.408842
-63.0,64,30.435761
-63.0,64,30.462681
-70.0,71,30.492516
-96.0,97,30.533565
-62.0,63,30.560081
-93.0,94,30.599677
-63.0,64,30.626647
-64.0,65,30.654114
-63.0,64,30.681101
-63.0,64,30.708081
-63.0,64,30.735066
-61.0,62,30.76116
-101.0,102,30.804258
-62.0,63,30.830748
-63.0,64,30.857709
-63.0,64,30.884784
-72.0,73,30.915549
-71.0,72,30.945865
-70.0,71,30.975924
-72.0,73,31.006635
-63.0,64,31.033568
-71.0,72,31.063955
-62.0,63,31.090622
-62.0,63,31.117288
-63.0,64,31.144355
-63.0,64,31.171397
-61.0,62,31.19747
-78.0,79,31.23073
-63.0,64,31.257675
-71.0,72,31.28796
-86.0,87,31.324511
-62.0,63,31.351076
-62.0,63,31.377831
-71.0,72,31.408257
-63.0,64,31.435208
-62.0,63,31.461947
-70.0,71,31.492
-69.0,70,31.521493
-71.0,72,31.551819
-62.0,63,31.578391
-63.0,64,31.605469
-70.0,71,31.635602
-63.0,64,31.662583
-64.0,65,31.68999
-70.0,71,31.719851
-63.0,64,31.746843
-62.0,63,31.773381
-69.0,70,31.802875
-62.0,63,31.829389
-62.0,63,31.855948
-64.0,65,31.883467
-63.0,64,31.910481
-62.0,63,31.937068
-62.0,63,31.963647
-62.0,63,31.990192
-84.0,85,32.026243
-62.0,63,32.052914
-63.0,64,32.080104
-70.0,71,32.110106
-76.0,77,32.14249
-62.0,63,32.169121
-95.0,96,32.209674
-62.0,63,32.236295
-63.0,64,32.263407
-70.0,71,32.293275
-69.0,70,32.322786
-63.0,64,32.349725
-63.0,64,32.376719
-63.0,64,32.40379
-72.0,73,32.434573
-62.0,63,32.461023
-71.0,72,32.49138
-88.0,89,32.528848
-83.0,84,32.564237
-63.0,64,32.591314
-62.0,63,32.61783
-69.0,70,32.647403
-62.0,63,32.67403
-70.0,71,32.70413
-71.0,72,32.734656
-92.0,93,32.774378
-71.0,72,32.804981
-63.0,64,32.832057
-70.0,71,32.862056
-70.0,71,32.892033
-63.0,64,32.918973
-75.0,76,32.950993
-62.0,63,32.977499
-62.0,63,33.004049
-72.0,73,33.03485
-62.0,63,33.061396
-61.0,62,33.087661
-71.0,72,33.118065
-80.0,81,33.152193
-63.0,64,33.179234
-62.0,63,33.205807
-64.0,65,33.233205
-63.0,64,33.260251
-62.0,63,33.286828
-62.0,63,33.313345
-63.0,64,33.340296
-72.0,73,33.371075
-71.0,72,33.401547
-64.0,65,33.428992
-61.0,62,33.455197
-70.0,71,33.485244
-116.0,117,33.534771
-72.0,73,33.565846
-63.0,64,33.592862
-70.0,71,33.622795
-93.0,94,33.662383
-63.0,64,33.689449
-63.0,64,33.716511
-70.0,71,33.746344
-63.0,64,33.773348
-63.0,64,33.800367
-105.0,106,33.844955
-70.0,71,33.874746
-71.0,72,33.905018
-88.0,89,33.942474
-69.0,70,33.971925
-71.0,72,34.002271
-63.0,64,34.029447
-69.0,70,34.058902
-62.0,63,34.085439
-72.0,73,34.116226
-62.0,63,34.142755
-72.0,73,34.173499
-62.0,63,34.20013
-63.0,64,34.227118
-71.0,72,34.257475
-96.0,97,34.298326
-62.0,63,34.32484
-98.0,99,34.366514
-70.0,71,34.396542
-98.0,99,34.438225
-69.0,70,34.467754
-61.0,62,34.494055
-63.0,64,34.521145
-69.0,70,34.550711
-72.0,73,34.581527
-72.0,73,34.612193
-70.0,71,34.642065
-63.0,64,34.668945
-62.0,63,34.695496
-64.0,65,34.722917
-62.0,63,34.749848
-63.0,64,34.77689
-62.0,63,34.803442
-83.0,84,34.838922
-71.0,72,34.869267
-63.0,64,34.896251
-62.0,63,34.922778
-71.0,72,34.953135
-62.0,63,34.979786
-106.0,107,35.02492
-72.0,73,35.056034
-63.0,64,35.083248
-63.0,64,35.11033
-61.0,62,35.136341
-63.0,64,35.163293
-73.0,74,35.194472
-63.0,64,35.221498
-69.0,70,35.250987
-71.0,72,35.281326
-72.0,73,35.312128
-62.0,63,35.338686
-70.0,71,35.368533
-71.0,72,35.398954
-71.0,72,35.429276
-71.0,72,35.459601
-69.0,70,35.489071
-62.0,63,35.515783
-92.0,93,35.555035
-63.0,64,35.582324
-63.0,64,35.609366
-116.0,117,35.658765
-69.0,70,35.688255
-70.0,71,35.718185
-63.0,64,35.745196
-72.0,73,35.775964
-72.0,73,35.807071
-70.0,71,35.838455
-62.0,63,35.865309
-85.0,86,35.901566
-79.0,80,35.935222
-63.0,64,35.96212
-63.0,64,35.989118
-98.0,99,36.030869
-62.0,63,36.05743
-62.0,63,36.083997
-105.0,106,36.128672
-63.0,64,36.155647
-63.0,64,36.182703
-71.0,72,36.214367
-88.0,89,36.251869
-70.0,71,36.281731
-72.0,73,36.312327
-82.0,83,36.347337
-134.0,135,36.404271
-63.0,64,36.431252
-63.0,64,36.458274
-63.0,64,36.485196
-71.0,72,36.515489
-63.0,64,36.542429
-69.0,70,36.572078
-70.0,71,36.602128
-70.0,71,36.632071
-73.0,74,36.663152
-63.0,64,36.690046
-71.0,72,36.720356
-95.0,96,36.760786
-62.0,63,36.787358
-71.0,72,36.81831
-62.0,63,36.844771
-63.0,64,36.871721
-72.0,73,36.902514
-63.0,64,36.929422
-64.0,65,36.956779
-84.0,85,36.992381
-62.0,63,37.018958
-72.0,73,37.049797
-64.0,65,37.07715
-72.0,73,37.107968
-69.0,70,37.137386
-63.0,64,37.164275
-71.0,72,37.194516
-80.0,81,37.228588
-72.0,73,37.259422
-87.0,88,37.296486
-62.0,63,37.323114
-63.0,64,37.350121
-62.0,63,37.376616
-84.0,85,37.412467
-86.0,87,37.448967
-62.0,63,37.475513
-69.0,70,37.504964
-62.0,63,37.531467
-71.0,72,37.56189
-72.0,73,37.592641
-63.0,64,37.619612
-63.0,64,37.646527
-63.0,64,37.673487
-62.0,63,37.699963
-63.0,64,37.726948
-63.0,64,37.753805
-63.0,64,37.780683
-63.0,64,37.807916
-63.0,64,37.836034
-63.0,64,37.863354
-71.0,72,37.893548
-72.0,73,37.92428
-70.0,71,37.954128
-89.0,90,37.991935
-69.0,70,38.02148
-63.0,64,38.048484
-73.0,74,38.079851
-70.0,71,38.10992
-72.0,73,38.140648
-63.0,64,38.167589
-75.0,76,38.199576
-63.0,64,38.226455
-63.0,64,38.253388
-63.0,64,38.280314
-63.0,64,38.307127
-62.0,63,38.333539
-70.0,71,38.363499
-63.0,64,38.390561
-88.0,89,38.428101
-70.0,71,38.458113
-63.0,64,38.485039
-72.0,73,38.515775
-63.0,64,38.542736
-63.0,64,38.569638
-86.0,87,38.606308
-63.0,64,38.63325
-71.0,72,38.663559
-64.0,65,38.690944
-62.0,63,38.717512
-62.0,63,38.744084
-62.0,63,38.770662
-72.0,73,38.801542
-63.0,64,38.828597
-83.0,84,38.864263
-63.0,64,38.891237
-62.0,63,38.917796
-72.0,73,38.948476
-78.0,79,38.981776
-62.0,63,39.008247
-64.0,65,39.035738
-63.0,64,39.062837
-63.0,64,39.089908
-63.0,64,39.116978
-62.0,63,39.143378
-62.0,63,39.169925
-62.0,63,39.196461
-72.0,73,39.227216
-71.0,72,39.257542
-69.0,70,39.287047
-75.0,76,39.318987
-72.0,73,39.349666
-63.0,64,39.376625
-63.0,64,39.40366
-63.0,64,39.430473
-63.0,64,39.457269
-70.0,71,39.487124
-63.0,64,39.514014
-62.0,63,39.540464
-63.0,64,39.567427
-76.0,77,39.600328
-72.0,73,39.631359
-62.0,63,39.657916
-64.0,65,39.685377
-71.0,72,39.715795
-69.0,70,39.745339
-70.0,71,39.775379
-64.0,65,39.802726
-71.0,72,39.832978
-64.0,65,39.860372
-62.0,63,39.886928
-90.0,91,39.925253
-94.0,95,39.965292
-71.0,72,39.995541
-63.0,64,40.022452
-72.0,73,40.053268
-64.0,65,40.080663
-68.0,69,40.109803
-71.0,72,40.140161
-63.0,64,40.16711
-71.0,72,40.197388
-62.0,63,40.223872
-62.0,63,40.25053
-62.0,63,40.277087
-72.0,73,40.307849
-63.0,64,40.334841
-62.0,63,40.361281
-70.0,71,40.391215
-71.0,72,40.421477
-70.0,71,40.45131
-62.0,63,40.477817
-61.0,62,40.50392
-62.0,63,40.530472
-63.0,64,40.557398
-63.0,64,40.584378
-62.0,63,40.610891
-63.0,64,40.637802
-64.0,65,40.665077
-62.0,63,40.691566
-71.0,72,40.721704
-64.0,65,40.74923
-64.0,65,40.776573
-64.0,65,40.803951
-61.0,62,40.830025
-86.0,87,40.866483
-63.0,64,40.893534
-63.0,64,40.920502
-64.0,65,40.947808
-82.0,83,40.982755
-62.0,63,41.009278
-70.0,71,41.039172
-72.0,73,41.069878
-62.0,63,41.09655
-62.0,63,41.123272
-85.0,86,41.159777
-73.0,74,41.190975
-99.0,100,41.233073
-70.0,71,41.262976
-113.0,114,41.310891
-63.0,64,41.337803
-63.0,64,41.364728
-63.0,64,41.391691
-62.0,63,41.418151
-64.0,65,41.445474
-62.0,63,41.471958
-63.0,64,41.498909
-62.0,63,41.525483
-62.0,63,41.552034
-62.0,63,41.578623
-62.0,63,41.605188
-63.0,64,41.632141
-69.0,70,41.661621
-62.0,63,41.68817
-69.0,70,41.71775
-70.0,71,41.747642
-72.0,73,41.778234
-62.0,63,41.804816
-64.0,65,41.832122
-71.0,72,41.862475
-81.0,82,41.897014
-72.0,73,41.92913
-63.0,64,41.956142
-71.0,72,41.986481
-62.0,63,42.01295
-64.0,65,42.040366
-70.0,71,42.070245
-64.0,65,42.097563
-72.0,73,42.128473
-72.0,73,42.159216
-63.0,64,42.18624
-63.0,64,42.213282
-69.0,70,42.242768
-63.0,64,42.269619
-63.0,64,42.296766
-63.0,64,42.323724
-71.0,72,42.354041
-62.0,63,42.380625
-71.0,72,42.411021
-100.0,101,42.453545
-62.0,63,42.480222
-63.0,64,42.50724
-63.0,64,42.534229
-62.0,63,42.56068
-76.0,77,42.593085
-71.0,72,42.62356
-62.0,63,42.650269
-71.0,72,42.68077
-62.0,63,42.707418
-62.0,63,42.734011
-72.0,73,42.764879
-63.0,64,42.791864
-63.0,64,42.818791
-63.0,64,42.845694
-63.0,64,42.872578
-62.0,63,42.899027
-71.0,72,42.929282
-62.0,63,42.955888
-79.0,80,42.989725
-71.0,72,43.020092
-63.0,64,43.047069
-62.0,63,43.073634
-63.0,64,43.100681
-107.0,108,43.14611
-86.0,87,43.182726
-84.0,85,43.218527
-62.0,63,43.244913
-74.0,75,43.276419
-71.0,72,43.306704
-63.0,64,43.333704
-62.0,63,43.360276
-63.0,64,43.38735
-69.0,70,43.416881
-69.0,70,43.446261
-62.0,63,43.472812
-62.0,63,43.499275
-69.0,70,43.528715
-71.0,72,43.55901
-62.0,63,43.585576
-72.0,73,43.616341
-71.0,72,43.646522
-63.0,64,43.673464
-69.0,70,43.703011
-62.0,63,43.729472
-64.0,65,43.756948
-69.0,70,43.786367
-62.0,63,43.812887
-72.0,73,43.843682
-70.0,71,43.873507
-64.0,65,43.900967
-104.0,105,43.945075
-63.0,64,43.971919
-72.0,73,44.0026
-71.0,72,44.032893
-71.0,72,44.063313
-96.0,97,44.104217
-61.0,62,44.130667
-70.0,71,44.160681
-71.0,72,44.191008
-63.0,64,44.217918
-63.0,64,44.24487
-62.0,63,44.271341
-70.0,71,44.301299
-63.0,64,44.328253
-85.0,86,44.364578
-69.0,70,44.394166
-70.0,71,44.424058
-70.0,71,44.453951
-63.0,64,44.48088
-63.0,64,44.507798
-87.0,88,44.544639
-61.0,62,44.570571
-62.0,63,44.597145
-62.0,63,44.62361
-70.0,71,44.653566
-63.0,64,44.680581
-62.0,63,44.707127
-62.0,63,44.733649
-71.0,72,44.764025
-88.0,89,44.801513
-98.0,99,44.8432
-70.0,71,44.87311
-62.0,63,44.899612
-70.0,71,44.92947
-71.0,72,44.959839
-69.0,70,44.989355
-72.0,73,45.020113
-63.0,64,45.046987
-64.0,65,45.074347
-71.0,72,45.104678
-70.0,71,45.134635
-63.0,64,45.161617
-69.0,70,45.191035
-63.0,64,45.217958
-82.0,83,45.252741
-62.0,63,45.2792
-69.0,70,45.308588
-71.0,72,45.339397
-63.0,64,45.367201
-62.0,63,45.393981
-70.0,71,45.424771
-64.0,65,45.452175
-62.0,63,45.478648
-78.0,79,45.512007
-62.0,63,45.53857
-62.0,63,45.56505
-71.0,72,45.595409
-71.0,72,45.625792
-62.0,63,45.652578
-63.0,64,45.679589
-64.0,65,45.70696
-62.0,63,45.733375
-62.0,63,45.759987
-82.0,83,45.79482
-86.0,87,45.831387
-70.0,71,45.86126
-63.0,64,45.888221
-63.0,64,45.915127
-71.0,72,45.945468
-70.0,71,45.975305
-80.0,81,46.009409
-71.0,72,46.039782
-70.0,71,46.069718
-62.0,63,46.096227
-70.0,71,46.12611
-63.0,64,46.153166
-70.0,71,46.183041
-62.0,63,46.209823
-62.0,63,46.236249
-72.0,73,46.267026
-71.0,72,46.297394
-71.0,72,46.327662
-62.0,63,46.354113
-63.0,64,46.381158
-72.0,73,46.411813
-73.0,74,46.442933
-63.0,64,46.469846
-63.0,64,46.496781
-63.0,64,46.523696
-63.0,64,46.550577
-69.0,70,46.580011
-64.0,65,46.607279
-71.0,72,46.637531
-69.0,70,46.666986
-62.0,63,46.693472
-63.0,64,46.720461
-63.0,64,46.747527
-62.0,63,46.774063
-71.0,72,46.804367
-63.0,64,46.831259
-64.0,65,46.858516
-85.0,86,46.894605
-71.0,72,46.924794
-62.0,63,46.951249
-64.0,65,46.978679
-63.0,64,47.005574
-76.0,77,47.038133
-63.0,64,47.065102
-63.0,64,47.092144
-71.0,72,47.122534
-62.0,63,47.149269
-97.0,98,47.190615
-63.0,64,47.217455
-70.0,71,47.247398
-96.0,97,47.288266
-72.0,73,47.318988
-70.0,71,47.348841
-64.0,65,47.376208
-63.0,64,47.403179
-69.0,70,47.432606
-63.0,64,47.459553
-102.0,103,47.502755
-69.0,70,47.532192
-62.0,63,47.558674
-63.0,64,47.585603
-62.0,63,47.612116
-64.0,65,47.639446
-62.0,63,47.666068
-70.0,71,47.69611
-62.0,63,47.722676
-64.0,65,47.750104
-70.0,71,47.780099
-63.0,64,47.806981
-71.0,72,47.837254
-63.0,64,47.864201
-63.0,64,47.891171
-61.0,62,47.91726
-63.0,64,47.944167
-115.0,116,47.992875
-70.0,71,48.022776
-63.0,64,48.049613
-62.0,63,48.07611
-63.0,64,48.103084
-109.0,110,48.149348
-62.0,63,48.175896
-62.0,63,48.202516
-62.0,63,48.229066
-73.0,74,48.260233
-63.0,64,48.287197
-74.0,75,48.318728
-63.0,64,48.345728
-86.0,87,48.382345
-78.0,79,48.415565
-62.0,63,48.442073
-78.0,79,48.475389
-63.0,64,48.502445
-70.0,71,48.532229
-63.0,64,48.559789
-62.0,63,48.587427
-62.0,63,48.616819
-64.0,65,48.644578
-71.0,72,48.675697
-64.0,65,48.70362
-62.0,63,48.730465
-79.0,80,48.764425
-63.0,64,48.79142
-62.0,63,48.817967
-62.0,63,48.844637
-69.0,70,48.874221
-63.0,64,48.901192
-69.0,70,48.930739
-70.0,71,48.960541
-63.0,64,48.987406
-63.0,64,49.014323
-69.0,70,49.043741
-63.0,64,49.070589
-70.0,71,49.100437
-62.0,63,49.126893
-70.0,71,49.156756
-62.0,63,49.183314
-63.0,64,49.21034
-70.0,71,49.240351
-80.0,81,49.274461
-63.0,64,49.30145
-98.0,99,49.343173
-61.0,62,49.369256
-70.0,71,49.399205
-63.0,64,49.426129
-63.0,64,49.45308
-63.0,64,49.480138
-74.0,75,49.511927
-63.0,64,49.538924
-62.0,63,49.565806
-62.0,63,49.592425
-63.0,64,49.619438
-71.0,72,49.649752
-63.0,64,49.676756
-62.0,63,49.70336
-63.0,64,49.730346
-62.0,63,49.756974
-62.0,63,49.783517
-62.0,63,49.810125
-64.0,65,49.837543
-71.0,72,49.867799
-83.0,84,49.90325
-63.0,64,49.930198
-62.0,63,49.956739
-72.0,73,49.98755
-62.0,63,50.01417
-86.0,87,50.050876
-71.0,72,50.081189
-62.0,63,50.107672
-63.0,64,50.134669
-69.0,70,50.16423
-63.0,64,50.191553
-70.0,71,50.22144
-62.0,63,50.247885
-103.0,104,50.291696
-64.0,65,50.319079
-63.0,64,50.345905
-73.0,74,50.377011
-100.0,101,50.41963
-78.0,79,50.452807
-69.0,70,50.482322
-64.0,65,50.509681
-63.0,64,50.536547
-64.0,65,50.563964
-71.0,72,50.594255
-69.0,70,50.623713
-63.0,64,50.650738
-71.0,72,50.680997
-63.0,64,50.708029
-62.0,63,50.734521
-63.0,64,50.761552
-72.0,73,50.792321
-62.0,63,50.818769
-71.0,72,50.84911
-63.0,64,50.876096
-63.0,64,50.903072
-72.0,73,50.93386
-61.0,62,50.959913
-71.0,72,50.990299
-96.0,97,51.031264
-110.0,111,51.077959
-72.0,73,51.10878
-96.0,97,51.149808
-70.0,71,51.179688
-62.0,63,51.20625
-69.0,70,51.235759
-63.0,64,51.262649
-72.0,73,51.293413
-64.0,65,51.320719
-71.0,72,51.351004
-85.0,86,51.387262
-63.0,64,51.414189
-64.0,65,51.441584
-62.0,63,51.468194
-84.0,85,51.503903
-71.0,72,51.534303
-96.0,97,51.575105
-71.0,72,51.605456
-62.0,63,51.631969
-63.0,64,51.658903
-64.0,65,51.686503
-63.0,64,51.7136
-79.0,80,51.747382
-71.0,72,51.777742
-62.0,63,51.804248
-69.0,70,51.833715
-72.0,73,51.864471
-85.0,86,51.900727
-63.0,64,51.927681
-63.0,64,51.954649
-82.0,83,51.989551
-61.0,62,52.015651
-72.0,73,52.046524
-71.0,72,52.076935
-69.0,70,52.106404
-71.0,72,52.136764
-62.0,63,52.163273
-62.0,63,52.18986
-63.0,64,52.216773
-63.0,64,52.243721
-63.0,64,52.270688
-71.0,72,52.301017
-117.0,118,52.35075
-63.0,64,52.377686
-63.0,64,52.40471
-71.0,72,52.435068
-63.0,64,52.462028
-63.0,64,52.489015
-71.0,72,52.519342
-64.0,65,52.546645
-69.0,70,52.576064
-69.0,70,52.605533
-71.0,72,52.635907
-62.0,63,52.662329
-71.0,72,52.692673
-62.0,63,52.719244
-64.0,65,52.746678
-63.0,64,52.773693
-63.0,64,52.800559
-72.0,73,52.831353
-78.0,79,52.864591
-62.0,63,52.891156
-87.0,88,52.928207
-62.0,63,52.954721
-63.0,64,52.981658
-64.0,65,53.009021
-63.0,64,53.035867
-71.0,72,53.066227
-72.0,73,53.096928
-78.0,79,53.130193
-62.0,63,53.15671
-98.0,99,53.198645
-62.0,63,53.22529
-83.0,84,53.260827
-70.0,71,53.290731
-63.0,64,53.317786
-63.0,64,53.344842
-69.0,70,53.374293
-63.0,64,53.401182
-70.0,71,53.431021
-62.0,63,53.45752
-62.0,63,53.484303
-86.0,87,53.520948
-71.0,72,53.551265
-64.0,65,53.578667
-64.0,65,53.606133
-73.0,74,53.637302
-62.0,63,53.663803
-62.0,63,53.690336
-63.0,64,53.717337
-79.0,80,53.751114
-62.0,63,53.777719
-71.0,72,53.808083
-62.0,63,53.834646
-70.0,71,53.864544
-64.0,65,53.891975
-64.0,65,53.919241
-104.0,105,53.96342
-94.0,95,54.003438
-81.0,82,54.037946
-70.0,71,54.067768
-64.0,65,54.095233
-62.0,63,54.121661
-86.0,87,54.158296
-62.0,63,54.184813
-62.0,63,54.211378
-71.0,72,54.241729
-62.0,63,54.268305
-63.0,64,54.295348
-71.0,72,54.325691
-63.0,64,54.352647
-62.0,63,54.379214
-71.0,72,54.409576
-63.0,64,54.436586
-62.0,63,54.463133
-63.0,64,54.490143
-63.0,64,54.517176
-72.0,73,54.548012
-62.0,63,54.574656
-63.0,64,54.601632
-71.0,72,54.631844
-72.0,73,54.66256
-63.0,64,54.689459
-63.0,64,54.71662
-63.0,64,54.743676
-63.0,64,54.770597
-62.0,63,54.797003
-62.0,63,54.823483
-62.0,63,54.84996
-97.0,98,54.891216
-71.0,72,54.921517
-62.0,63,54.948053
-74.0,75,54.979739
-89.0,90,55.017732
-70.0,71,55.047601
-72.0,73,55.078382
-71.0,72,55.10874
-70.0,71,55.138587
-71.0,72,55.16889
-62.0,63,55.195476
-96.0,97,55.23647
-62.0,63,55.262914
-71.0,72,55.293261
-62.0,63,55.319817
-70.0,71,55.349675
-63.0,64,55.376697
-62.0,63,55.403406
-63.0,64,55.43044
-64.0,65,55.457659
-62.0,63,55.484158
-63.0,64,55.511155
-63.0,64,55.53808
-71.0,72,55.568319
-61.0,62,55.594735
-72.0,73,55.626989
-71.0,72,55.658607
-64.0,65,55.686064
-79.0,80,55.719798
-62.0,63,55.746391
-74.0,75,55.77815
-63.0,64,55.805124
-85.0,86,55.841265
-63.0,64,55.868178
-76.0,77,55.900646
-71.0,72,55.931
-62.0,63,55.9575
-97.0,98,55.998763
-71.0,72,56.029146
-62.0,63,56.055646
-71.0,72,56.085882
-62.0,63,56.112336
-71.0,72,56.142634
-88.0,89,56.18013
-95.0,96,56.221027
-98.0,99,56.262862
-86.0,87,56.299472
-62.0,63,56.325997
-63.0,64,56.35304
-64.0,65,56.380485
-63.0,64,56.40739
-85.0,86,56.443661
-80.0,81,56.477813
-70.0,71,56.507772
-62.0,63,56.534307
-64.0,65,56.561694
-105.0,106,56.606339
-79.0,80,56.63996
-63.0,64,56.666962
-63.0,64,56.693882
-62.0,63,56.720418
-70.0,71,56.750299
-71.0,72,56.780661
-61.0,62,56.806746
-107.0,108,56.852235
-62.0,63,56.878706
-70.0,71,56.908647
-71.0,72,56.938992
-72.0,73,56.969783
-71.0,72,57.000144
-63.0,64,57.027194
-64.0,65,57.054644
-63.0,64,57.081721
-71.0,72,57.112189
-63.0,64,57.139174
-64.0,65,57.166545
-63.0,64,57.193506
-71.0,72,57.224009
-70.0,71,57.253921
-62.0,63,57.280662
-64.0,65,57.308113
-63.0,64,57.335112
-64.0,65,57.362463
-62.0,63,57.389089
-62.0,63,57.415561
-69.0,70,57.445075
-63.0,64,57.472094
-63.0,64,57.499091
-69.0,70,57.528542
-63.0,64,57.555417
-63.0,64,57.582307
-62.0,63,57.60871
-63.0,64,57.635605
-62.0,63,57.662113
-131.0,132,57.717646
-64.0,65,57.745449
-63.0,64,57.772586
-72.0,73,57.803304
-71.0,72,57.833674
-62.0,63,57.860171
-64.0,65,57.887621
-84.0,85,57.923432
-63.0,64,57.950367
-87.0,88,57.987396
-70.0,71,58.017241
-62.0,63,58.043787
-62.0,63,58.070273
-64.0,65,58.097684
-62.0,63,58.124717
-69.0,70,58.155531
-62.0,63,58.183238
-70.0,71,58.213879
-71.0,72,58.244291
-72.0,73,58.275113
-71.0,72,58.305583
-69.0,70,58.335084
-71.0,72,58.365376
-86.0,87,58.402079
-63.0,64,58.428995
-62.0,63,58.45554
-63.0,64,58.482515
-64.0,65,58.509946
-71.0,72,58.540107
-83.0,84,58.575597
-70.0,71,58.605553
-71.0,72,58.635833
-63.0,64,58.662752
-71.0,72,58.693054
-63.0,64,58.71999
-71.0,72,58.750438
-72.0,73,58.781239
-72.0,73,58.811985
-61.0,62,58.837985
-63.0,64,58.864992
-78.0,79,58.898239
-72.0,73,58.928969
-62.0,63,58.955372
-71.0,72,58.985824
-72.0,73,59.016624
-63.0,64,59.043623
-63.0,64,59.070547
-71.0,72,59.100835
-64.0,65,59.128192
-63.0,64,59.155133
-62.0,63,59.181648
-64.0,65,59.209069
-86.0,87,59.245966
-98.0,99,59.28799
-62.0,63,59.31458
-93.0,94,59.354343
-71.0,72,59.385277
-63.0,64,59.412284
-79.0,80,59.445937
-64.0,65,59.473322
-123.0,124,59.52556
-71.0,72,59.555835
-111.0,112,59.603142
-72.0,73,59.633993
-63.0,64,59.660967
-62.0,63,59.68761
-71.0,72,59.718014
-70.0,71,59.747937
-63.0,64,59.775007
-71.0,72,59.805352
-64.0,65,59.832785
-71.0,72,59.86311
-63.0,64,59.890085
-85.0,86,59.92645
-62.0,63,59.953395
-71.0,72,59.985113
-61.0,62,60.01162
-62.0,63,60.038161
-63.0,64,60.065148
-63.0,64,60.092077
-63.0,64,60.119013
-103.0,104,60.162718
-83.0,84,60.198068
-63.0,64,60.225053
-70.0,71,60.254937
-75.0,76,60.28692
-63.0,64,60.313825
-63.0,64,60.340811
-63.0,64,60.367669
-72.0,73,60.398352
-70.0,71,60.428241
-64.0,65,60.455648
-99.0,100,60.497641
-64.0,65,60.525175
-72.0,73,60.557485
-69.0,70,60.588417
-63.0,64,60.616692
-72.0,73,60.648888
-69.0,70,60.678376
-62.0,63,60.704905
-71.0,72,60.735208
-63.0,64,60.762536
-117.0,118,60.813108
-63.0,64,60.841261
-63.0,64,60.868814
-69.0,70,60.898707
-63.0,64,60.92593
-64.0,65,60.95372
-96.0,97,60.996178
-88.0,89,61.034652
-63.0,64,61.061924
-80.0,81,61.09633
-69.0,70,61.126167
-70.0,71,61.15633
-62.0,63,61.183185
-63.0,64,61.21042
-72.0,73,61.241435
-62.0,63,61.268162
-72.0,73,61.299153
-71.0,72,61.329693
-63.0,64,61.356814
-71.0,72,61.387593
-69.0,70,61.417161
-69.0,70,61.44682
-86.0,87,61.48371
-63.0,64,61.510934
-63.0,64,61.538121
-72.0,73,61.569041
-63.0,64,61.596237
-106.0,107,61.641502
-62.0,63,61.668276
-71.0,72,61.698909
-63.0,64,61.726135
-90.0,91,61.764844
-71.0,72,61.795391
-62.0,63,61.822201
-62.0,63,61.848971
-90.0,91,61.88761
-71.0,72,61.917898
-72.0,73,61.948598
-71.0,72,61.979069
-89.0,90,62.016993
-62.0,63,62.043593
-84.0,85,62.079418
-62.0,63,62.106009
-96.0,97,62.146957
-71.0,72,62.177369
-71.0,72,62.207851
-69.0,70,62.23744
-82.0,83,62.272651
-63.0,64,62.299789
-63.0,64,62.326784
-61.0,62,62.352929
-71.0,72,62.383224
-62.0,63,62.409877
-73.0,74,62.441134
-63.0,64,62.46831
-71.0,72,62.498731
-62.0,63,62.525347
-70.0,71,62.555263
-62.0,63,62.581775
-84.0,85,62.617683
-63.0,64,62.644648
-62.0,63,62.671156
-69.0,70,62.70078
-63.0,64,62.727765
-62.0,63,62.754272
-72.0,73,62.785208
-63.0,64,62.812086
-62.0,63,62.838617
-63.0,64,62.865603
-63.0,64,62.892584
-71.0,72,62.922855
-63.0,64,62.949714
-62.0,63,62.976289
-63.0,64,63.003271
-89.0,90,63.041247
-63.0,64,63.068161
-64.0,65,63.095612
-62.0,63,63.122124
-69.0,70,63.151603
-79.0,80,63.185383
-87.0,88,63.222563
-71.0,72,63.252901
-68.0,69,63.282045
-62.0,63,63.308689
-62.0,63,63.336348
-69.0,70,63.367282
-63.0,64,63.394895
-63.0,64,63.421995
-85.0,86,63.458241
-71.0,72,63.488531
-106.0,107,63.533619
-71.0,72,63.564032
-63.0,64,63.591051
-72.0,73,63.621825
-71.0,72,63.652161
-63.0,64,63.679198
-62.0,63,63.705807
-101.0,102,63.748678
-69.0,70,63.778337
-71.0,72,63.808891
-62.0,63,63.835446
-71.0,72,63.867017
-61.0,62,63.893886
-63.0,64,63.920921
-70.0,71,63.950901
-70.0,71,63.980883
-63.0,64,64.007791
-72.0,73,64.038535
-79.0,80,64.072763
-63.0,64,64.099639
-62.0,63,64.126094
-64.0,65,64.153509
-64.0,65,64.18097
-64.0,65,64.208333
-63.0,64,64.235319
-63.0,64,64.262328
-62.0,63,64.288877
-80.0,81,64.322959
-70.0,71,64.352863
-62.0,63,64.379329
-69.0,70,64.409157
-62.0,63,64.435833
-83.0,84,64.471103
-62.0,63,64.497762
-62.0,63,64.524374
-63.0,64,64.551449
-63.0,64,64.57845
-63.0,64,64.605451
-61.0,62,64.631716
-62.0,63,64.658331
-70.0,71,64.688261
-63.0,64,64.715321
-63.0,64,64.742406
-99.0,100,64.784595
-63.0,64,64.811437
-70.0,71,64.841306
-62.0,63,64.867766
-72.0,73,64.898528
-71.0,72,64.928851
-62.0,63,64.955416
-64.0,65,64.982962
-64.0,65,65.010907
-61.0,62,65.037005
-63.0,64,65.06399
-64.0,65,65.091365
-69.0,70,65.120849
-72.0,73,65.151556
-62.0,63,65.178137
-64.0,65,65.205507
-70.0,71,65.23539
-70.0,71,65.265267
-63.0,64,65.292476
-69.0,70,65.322132
-80.0,81,65.356269
-63.0,64,65.383326
-72.0,73,65.414098
-74.0,75,65.445644
-63.0,64,65.472838
-72.0,73,65.503698
-72.0,73,65.534377
-70.0,71,65.564272
-62.0,63,65.590766
-69.0,70,65.620258
-72.0,73,65.651092
-63.0,64,65.678005
-79.0,80,65.711658
-62.0,63,65.738317
-63.0,64,65.765318
-62.0,63,65.791934
-71.0,72,65.822264
-62.0,63,65.848907
-75.0,76,65.88094
-88.0,89,65.91845
-62.0,63,65.944945
-63.0,64,65.971924
-62.0,63,65.998465
-89.0,90,66.036441
