#{"t_start": 1642507038.0373044, "env_id": "Walker2d-v3"}
r,l,t
3025.860424,1000,2.768739
3035.596447,1000,3.136744
3026.170256,1000,3.505552
3015.129195,1000,3.873176
2372.70115,760,4.153707
3007.918172,1000,4.521303
3030.396429,1000,4.890063
3027.409754,1000,5.257803
3009.250698,1000,5.626529
3033.214424,1000,5.994327
3015.855073,1000,6.363012
3032.696981,1000,6.730456
3026.712912,1000,7.098723
3012.544186,1000,7.465897
3032.060929,1000,7.834552
3015.305368,1000,8.202445
3021.284384,1000,8.570989
3057.713602,1000,8.940654
3040.010772,1000,9.309285
3050.785195,1000,9.676503
3106.448144,1000,10.044725
3024.824226,1000,10.413192
3052.83623,1000,10.782044
3024.232323,1000,11.150329
3009.486981,1000,11.51879
3010.329142,1000,11.887447
3040.332624,1000,12.255735
3037.261815,1000,12.623035
3017.384024,1000,12.991226
3035.896162,1000,13.35875
3028.038812,1000,13.726813
3022.792451,1000,14.095999
3031.92999,1000,14.464459
3025.006114,1000,14.832407
3033.404194,1000,15.200652
3038.12556,1000,15.567574
3061.65477,1000,15.935762
3024.055254,1000,16.302884
3009.20439,1000,16.671218
3014.875073,1000,17.041499
3030.556158,1000,17.409925
3056.477685,1000,17.776959
3013.927121,1000,18.145123
2994.660657,1000,18.512184
3014.120895,1000,18.880549
3005.518704,1000,19.24901
3067.400222,1000,19.617132
3052.601837,1000,19.985003
3106.197705,1000,20.353156
3109.846373,1000,20.72018
3057.987463,1000,21.08815
3026.997208,1000,21.455286
2999.665994,1000,21.823458
3027.229749,1000,22.191838
3018.03847,1000,22.559907
3033.902137,1000,22.92712
2017.478811,668,23.175345
3016.671162,1000,23.542335
3018.101812,1000,23.910577
3016.84661,1000,24.280203
3028.986364,1000,24.648493
3009.846706,1000,25.015466
3059.680651,1000,25.383898
3065.568968,1000,25.752131
3022.362546,1000,26.120592
3023.649541,1000,26.487727
3025.152204,1000,26.857144
3035.457194,1000,27.22526
3027.357466,1000,27.593832
3038.9157,1000,27.961838
3030.505603,1000,28.330641
3028.963343,1000,28.698001
3159.933665,1000,29.068665
2409.992293,766,29.350137
3020.772826,1000,29.718201
3019.970353,1000,30.085204
3029.576674,1000,30.500865
3029.10156,1000,30.870026
3040.31267,1000,31.239026
3016.566469,1000,31.607681
2989.54387,1000,31.978143
2112.58051,690,32.333588
3023.868012,1000,32.873269
3017.951814,1000,33.476339
2997.124792,958,34.052799
3012.436902,1000,34.655768
2375.348816,753,35.115283
3018.334287,1000,35.690752
3064.68913,1000,36.216134
3022.291137,1000,36.607344
3013.373701,1000,37.008837
3013.558637,1000,37.574999
3015.913387,1000,37.957936
3022.440586,1000,38.334813
3025.340241,1000,38.740546
3021.787283,1000,39.33925
2966.655577,943,39.905174
3021.314886,1000,40.378649
2335.93017,746,40.822531
2397.418473,759,41.275942
3067.531585,1000,41.869704
3007.818591,1000,42.333112
3025.185027,1000,42.899742
3030.75158,1000,43.493027
3036.487006,1000,44.086133
3003.771794,1000,44.530359
3025.551154,1000,45.103771
3012.849547,1000,45.693313
3020.779251,1000,46.284707
3050.398826,1000,46.851275
3085.36107,1000,47.2151
3012.439253,1000,47.574017
3017.856534,1000,48.094292
3013.829266,1000,48.690341
3019.262536,1000,49.285886
3013.713116,1000,49.880344
3026.639541,1000,50.33083
3027.777696,1000,50.882425
3026.333184,1000,51.47705
3051.584614,1000,52.070477
3044.785174,1000,52.66603
3024.436008,1000,53.150798
3028.503363,1000,53.722028
3033.26296,1000,54.315985
3020.334677,1000,54.911541
2462.39119,778,55.373976
3038.698398,1000,55.903968
3024.876078,1000,56.357632
3044.627296,1000,56.951315
3059.824648,1000,57.545847
3030.242097,1000,58.141972
3065.346112,1000,58.735998
3059.234022,1000,59.136422
3014.195719,1000,59.499555
3005.818966,1000,59.913652
3025.249559,1000,60.507216
3113.088941,1000,61.101116
3079.743458,1000,61.694617
3060.469607,1000,62.289394
3054.098077,1000,62.738497
3026.813834,1000,63.302632
3016.187387,1000,63.897131
3023.169462,1000,64.492663
3031.303569,1000,65.085987
3018.176679,1000,65.639349
3015.957518,1000,66.145205
3051.952168,1000,66.740505
3069.987616,1000,67.332342
3015.057725,1000,67.927145
3033.402107,1000,68.521173
3031.972189,1000,68.956679
3013.826273,1000,69.546978
