#{"t_start": 1614774753.6713667, "env_id": "MountainCarContinuous-v0"}
r,l,t
93.450175,67,2.59223
93.557863,66,2.613913
93.545643,66,2.635511
93.458412,67,2.657416
93.435028,67,2.679306
93.545332,66,2.700886
93.549864,66,2.722455
93.54534,66,2.744076
93.448965,67,2.765945
93.546601,66,2.787563
93.452338,67,2.809525
93.56002,66,2.831068
93.546699,66,2.852642
93.545682,66,2.87426
93.554529,66,2.895786
93.545244,66,2.91742
93.54683,66,2.939155
93.548615,66,2.960741
93.452396,67,2.982541
93.550818,66,3.004096
93.544026,66,3.025674
93.440887,67,3.047667
93.547926,66,3.069324
93.545283,66,3.091
93.545613,66,3.112635
93.544001,66,3.134204
93.544213,66,3.155743
93.433342,67,3.177612
93.546492,66,3.199147
93.458945,67,3.221048
93.454755,67,3.243064
93.453441,67,3.264967
93.546544,66,3.28669
93.548732,66,3.30825
93.548935,66,3.32981
93.54935,66,3.351422
93.549109,66,3.372994
93.452604,67,3.395045
93.546502,66,3.41663
93.458661,67,3.43862
93.451813,67,3.460477
93.556317,66,3.481984
93.441571,67,3.503959
93.459137,67,3.525887
93.558754,66,3.547553
93.458818,67,3.569479
93.550452,66,3.591054
93.545727,66,3.612612
93.546584,66,3.634156
93.550067,66,3.655709
93.44594,67,3.677558
93.433504,67,3.699423
93.547595,66,3.720949
93.45456,67,3.742885
93.454528,67,3.764719
93.454647,67,3.786814
93.545322,66,3.808339
93.552727,66,3.82991
93.563243,66,3.851392
93.457204,67,3.873199
93.545904,66,3.894672
93.433802,67,3.916489
93.433353,67,3.938285
93.545897,66,3.959796
93.546599,66,3.981291
93.44267,67,4.003309
93.544,66,4.024819
93.452281,67,4.046733
93.550653,66,4.068348
93.544299,66,4.089973
93.438977,67,4.111939
93.544204,66,4.133816
93.446603,67,4.155743
93.45153,67,4.177594
93.547367,66,4.199148
93.546542,66,4.222791
93.455649,67,4.245834
93.563205,66,4.267989
93.544042,66,4.290132
93.545335,66,4.312097
93.45154,67,4.334459
93.544067,66,4.356344
93.439965,67,4.378307
93.55033,66,4.400302
93.545678,66,4.421903
93.546125,66,4.44339
93.546685,66,4.464902
93.544568,66,4.486423
93.548887,66,4.507978
93.546509,66,4.529569
93.454197,67,4.551581
93.434033,67,4.57363
93.4446,67,4.595473
93.550167,66,4.617024
93.54533,66,4.638551
93.546926,66,4.6601
93.547821,66,4.681648
93.544112,66,4.703203
93.546572,66,4.724843
93.457829,67,4.746674
93.45228,67,4.76851
93.458055,67,4.790468
93.545575,66,4.811954
93.544925,66,4.833498
93.449243,67,4.855306
93.451571,67,4.87725
93.544321,66,4.898883
93.45687,67,4.920801
93.457767,67,4.942586
93.559433,66,4.964081
93.442309,67,4.985977
93.546558,66,5.007467
93.546596,66,5.029093
93.545319,66,5.050671
93.441776,67,5.072676
93.547573,66,5.09426
93.4592,67,5.116235
93.546493,66,5.137844
93.544007,66,5.159383
93.544116,66,5.180926
93.54921,66,5.202404
93.55085,66,5.223919
93.544008,66,5.245477
93.442549,67,5.267411
93.544093,66,5.289173
93.559796,66,5.310712
93.458845,67,5.332625
93.545707,66,5.354247
93.456516,67,5.376163
93.442246,67,5.398108
93.451764,67,5.420093
93.44309,67,5.44193
93.54655,66,5.463434
93.439693,67,5.485301
93.433362,67,5.507202
93.545189,66,5.528738
93.445196,67,5.5506
93.442545,67,5.572488
93.453127,67,5.594372
93.546564,66,5.615958
93.54533,66,5.637453
93.545363,66,5.658983
93.545996,66,5.680511
93.447764,67,5.702331
93.449036,67,5.724133
93.451767,67,5.746005
93.547571,66,5.767527
93.544556,66,5.789109
93.544073,66,5.810708
93.546109,66,5.832202
93.546596,66,5.853687
93.45641,67,5.875532
93.440223,67,5.897421
93.45098,67,5.919286
93.550448,66,5.940809
93.453461,67,5.962587
93.54466,66,5.984041
93.546595,66,6.005512
93.545841,66,6.02703
93.458263,67,6.048897
93.444426,67,6.070853
93.557786,66,6.092309
93.548272,66,6.113833
93.54516,66,6.135296
93.441652,67,6.157085
93.54532,66,6.178587
93.548921,66,6.20011
93.54414,66,6.221704
93.545325,66,6.243274
93.458666,67,6.26509
93.451311,67,6.287263
93.43374,67,6.309091
93.563219,66,6.330611
93.545081,66,6.352133
93.544158,66,6.373618
93.546583,66,6.395379
93.451667,67,6.417195
93.549561,66,6.438763
93.458821,67,6.46065
93.451593,67,6.482492
93.545669,66,6.50489
93.544161,66,6.526401
93.454349,67,6.548169
93.437212,67,6.569928
93.446401,67,6.591667
93.550722,66,6.613085
93.547272,66,6.634492
93.43325,67,6.656294
93.546598,66,6.677704
93.545299,66,6.699157
93.553953,66,6.720568
93.457727,67,6.74239
93.54535,66,6.763821
93.456393,67,6.785637
93.440762,67,6.80748
93.54652,66,6.828995
93.453793,67,6.850796
93.439938,67,6.872579
93.557426,66,6.894017
93.547968,66,6.915591
93.448592,67,6.937363
93.544003,66,6.958806
93.544022,66,6.980191
93.546511,66,7.001748
93.451353,67,7.023473
93.545623,66,7.044959
93.558295,66,7.066414
93.546596,66,7.087898
93.450355,67,7.109774
93.546565,66,7.131178
93.458834,67,7.152927
93.55795,66,7.174316
93.456521,67,7.196085
93.545182,66,7.217517
93.547293,66,7.238937
93.546283,66,7.26047
93.545232,66,7.281912
93.544012,66,7.303642
93.556324,66,7.32506
93.546584,66,7.346632
93.547164,66,7.368145
93.451727,67,7.389938
93.546589,66,7.411687
93.544617,66,7.433183
93.546249,66,7.454695
93.545204,66,7.476183
93.459226,67,7.497994
93.546506,66,7.51948
93.45891,67,7.5413
93.452202,67,7.563065
93.450231,67,7.5848
93.448427,67,7.606581
93.546276,66,7.62803
93.437116,67,7.649842
93.546216,66,7.671328
93.546591,66,7.692736
93.544049,66,7.714176
93.546514,66,7.735628
93.55049,66,7.757084
93.546612,66,7.778647
93.545541,66,7.80011
93.447232,67,7.821855
93.459229,67,7.843682
93.546519,66,7.865171
93.455902,67,7.886956
93.54536,66,7.908352
93.549743,66,7.929759
93.433272,67,7.951559
93.545396,66,7.97304
93.546584,66,7.99446
93.439177,67,8.016289
93.545789,66,8.037834
93.551117,66,8.059566
93.544519,66,8.08106
93.550152,66,8.10245
93.5466,66,8.123971
93.54536,66,8.145381
93.545542,66,8.16685
93.433306,67,8.188632
93.449552,67,8.210455
93.546584,66,8.231904
93.441915,67,8.253703
93.545136,66,8.275231
93.453956,67,8.297175
93.546572,66,8.31861
93.544172,66,8.340097
93.544596,66,8.361661
93.545067,66,8.383256
93.553503,66,8.405088
93.451846,67,8.426939
93.555693,66,8.448405
93.443481,67,8.470139
93.457969,67,8.491867
93.458927,67,8.51366
93.551151,66,8.535114
93.544518,66,8.556535
93.44562,67,8.578331
93.544081,66,8.59977
93.546017,66,8.621209
93.546521,66,8.642603
93.443165,67,8.664325
93.546589,66,8.685749
93.436226,67,8.707537
93.459183,67,8.729299
93.556509,66,8.750821
93.454679,67,8.772652
93.457143,67,8.794484
93.547945,66,8.815984
93.454436,67,8.837762
93.444015,67,8.859599
93.545384,66,8.881134
93.547929,66,8.902579
93.546627,66,8.924056
93.44245,67,8.94585
93.544021,66,8.967372
93.436698,67,8.989288
93.547942,66,9.010734
93.544739,66,9.032192
93.55768,66,9.053625
93.544731,66,9.07516
93.558504,66,9.096826
93.5466,66,9.11836
93.43493,67,9.140137
93.545339,66,9.161617
93.546618,66,9.183137
93.559826,66,9.204555
93.452625,67,9.226333
93.448444,67,9.248106
93.454261,67,9.269814
93.56346,66,9.29154
93.438736,67,9.313324
93.547516,66,9.334868
93.544111,66,9.356516
93.554353,66,9.377962
93.545409,66,9.399519
93.440112,67,9.421346
93.446558,67,9.443213
93.550684,66,9.46468
93.550512,66,9.486241
93.448801,67,9.508049
93.433816,67,9.529779
93.448338,67,9.551582
93.448041,67,9.573342
93.547469,66,9.594926
93.441092,67,9.616724
93.545322,66,9.63813
93.544918,66,9.659668
93.546489,66,9.681167
93.545323,66,9.702645
93.451972,67,9.724495
93.451853,67,9.746336
93.545471,66,9.767871
93.4557,67,9.789811
93.545171,66,9.811221
93.43989,67,9.833001
93.454423,67,9.854774
93.453752,67,9.876584
93.562199,66,9.897947
93.458833,67,9.919661
93.546406,66,9.941174
93.561233,66,9.962839
93.547861,66,9.984328
93.452182,67,10.006121
93.545573,66,10.02755
93.545365,66,10.049025
93.434977,67,10.070904
93.44255,67,10.092652
93.550088,66,10.114083
93.544035,66,10.135453
93.549318,66,10.156871
93.448215,67,10.178602
93.444879,67,10.200345
93.547605,66,10.221728
93.546591,66,10.243239
93.557303,66,10.264704
93.451834,67,10.286785
93.451407,67,10.308573
93.546497,66,10.330061
93.545003,66,10.351766
93.545258,66,10.373267
93.562,66,10.394983
93.545665,66,10.416507
93.457828,67,10.438345
93.544846,66,10.459815
93.54414,66,10.481286
93.546551,66,10.502724
93.456066,67,10.524471
93.551372,66,10.545937
93.549225,66,10.567377
93.545383,66,10.588871
93.545579,66,10.61039
93.547427,66,10.631813
93.454587,67,10.653615
93.54657,66,10.67501
93.546588,66,10.696488
93.452447,67,10.718216
93.544964,66,10.739708
93.544796,66,10.761229
93.546519,66,10.78271
93.45922,67,10.804456
93.453278,67,10.826222
93.439569,67,10.848008
93.55617,66,10.869484
93.560067,66,10.891024
93.544765,66,10.912446
93.562829,66,10.9339
93.44103,67,10.955881
93.553727,66,10.977306
93.548343,66,10.998682
93.546585,66,11.020245
93.544975,66,11.041635
93.453336,67,11.063471
93.544278,66,11.08493
93.439307,67,11.106778
93.551401,66,11.128312
93.545347,66,11.149822
93.546726,66,11.171236
93.454166,67,11.193032
93.546448,66,11.214502
93.453395,67,11.23629
93.551849,66,11.257741
93.454838,67,11.279439
93.544973,66,11.301128
93.553348,66,11.322569
93.545468,66,11.34403
93.449456,67,11.365869
93.454463,67,11.387702
93.445076,67,11.409642
93.456441,67,11.431442
93.546481,66,11.452888
93.545721,66,11.474429
93.55068,66,11.495875
93.545411,66,11.517343
93.441491,67,11.539174
93.544789,66,11.560716
93.546111,66,11.582211
93.544587,66,11.603605
93.544139,66,11.625177
93.546497,66,11.646717
93.559929,66,11.668175
93.54517,66,11.689646
93.441366,67,11.711451
93.544696,66,11.732826
93.551037,66,11.754267
93.452961,67,11.776187
93.447387,67,11.797973
93.546686,66,11.819383
93.545018,66,11.840804
93.563171,66,11.862307
93.545515,66,11.88369
93.546501,66,11.905106
93.441298,67,11.926938
93.547868,66,11.948323
93.555273,66,11.969864
93.458956,67,11.991624
93.457447,67,12.013415
93.554272,66,12.034859
93.546511,66,12.056289
93.550573,66,12.077811
93.444652,67,12.099498
93.457763,67,12.12127
93.455889,67,12.142986
93.545322,66,12.164368
93.43874,67,12.186152
93.546567,66,12.207639
93.544624,66,12.229096
93.44356,67,12.25087
93.546597,66,12.272314
93.546407,66,12.294051
93.546584,66,12.315526
93.548537,66,12.336913
93.544939,66,12.358578
93.560962,66,12.38005
93.453353,67,12.402084
93.544002,66,12.423611
93.439377,67,12.445417
93.556752,66,12.466922
93.548254,66,12.48832
93.546424,66,12.509713
93.444779,67,12.531475
93.54418,66,12.553064
93.550081,66,12.574493
93.544749,66,12.595986
93.453263,67,12.617823
93.452798,67,12.639543
93.545427,66,12.660987
93.547692,66,12.682456
93.545942,66,12.70396
93.438674,67,12.725782
93.544717,66,12.747267
93.442118,67,12.769069
93.54639,66,12.790525
93.545322,66,12.812057
93.544016,66,12.833551
93.546602,66,12.855002
93.544382,66,12.8764
93.443368,67,12.898196
93.546597,66,12.919604
93.544073,66,12.941073
93.554986,66,12.962526
93.545323,66,12.984072
93.439621,67,13.005904
93.447395,67,13.027761
93.548199,66,13.049275
93.546221,66,13.070865
93.550237,66,13.092378
93.443401,67,13.114216
93.544047,66,13.135702
93.563119,66,13.157286
93.547981,66,13.178784
93.548206,66,13.200185
93.561506,66,13.221629
93.554068,66,13.24311
93.452911,67,13.264906
93.558331,66,13.286697
93.545909,66,13.308139
93.451804,67,13.329908
93.544003,66,13.351339
93.545706,66,13.372869
93.454676,67,13.394912
93.455981,67,13.416715
93.546208,66,13.43813
93.545577,66,13.459554
93.546584,66,13.480954
93.548225,66,13.502408
93.452754,67,13.52425
93.553041,66,13.545626
93.434329,67,13.567404
93.545555,66,13.588862
93.549875,66,13.610242
93.435118,67,13.632138
93.44151,67,13.653901
93.446249,67,13.675671
93.458354,67,13.697475
93.451759,67,13.719193
93.546607,66,13.740702
93.45139,67,13.762444
93.440583,67,13.784263
93.545184,66,13.805753
93.545912,66,13.827269
93.452421,67,13.849067
93.442171,67,13.87079
93.554336,66,13.892204
93.545324,66,13.913641
93.545829,66,13.935055
93.547898,66,13.956586
93.546576,66,13.97796
93.45844,67,13.999668
93.544091,66,14.021141
93.455732,67,14.042961
93.439418,67,14.06492
93.459193,67,14.086801
93.546984,66,14.108435
93.54588,66,14.129906
93.458343,67,14.151609
93.452679,67,14.17334
93.550217,66,14.194749
93.451697,67,14.21659
93.453522,67,14.238347
93.546076,66,14.259814
93.439368,67,14.28174
93.459158,67,14.303717
93.546554,66,14.325163
93.452114,67,14.346986
93.456015,67,14.368726
93.546447,66,14.390122
93.544518,66,14.411911
93.544283,66,14.433412
93.439897,67,14.455136
93.545502,66,14.476529
93.452105,67,14.498323
93.5466,66,14.519853
93.444378,67,14.541587
93.454925,67,14.563468
93.451678,67,14.585191
93.553056,66,14.60656
93.561344,66,14.627988
93.546589,66,14.649351
93.544956,66,14.670866
93.546571,66,14.692324
93.550101,66,14.713806
93.451828,67,14.735548
93.544199,66,14.756997
93.443456,67,14.778753
93.549223,66,14.80018
93.440442,67,14.821981
93.442803,67,14.843748
93.459043,67,14.865488
93.442118,67,14.887259
93.5572,66,14.908684
93.54956,66,14.930089
93.545536,66,14.951588
93.458666,67,14.973342
93.452092,67,14.99513
93.559264,66,15.016532
93.546588,66,15.038085
93.451945,67,15.059885
93.544218,66,15.081388
93.546549,66,15.102836
93.562663,66,15.124349
93.545327,66,15.145802
93.557918,66,15.167312
93.548183,66,15.1887
93.561816,66,15.210183
93.440723,67,15.232033
93.45244,67,15.253775
93.546643,66,15.275245
93.546584,66,15.296775
93.545901,66,15.318249
93.458274,67,15.339987
93.544018,66,15.361405
93.560848,66,15.383197
93.54652,66,15.404824
93.456166,67,15.426586
93.438596,67,15.448391
93.545558,66,15.469841
93.440906,67,15.491603
93.546518,66,15.512982
93.544008,66,15.534403
93.549757,66,15.555996
93.545608,66,15.577502
93.55032,66,15.598905
93.547351,66,15.620291
93.544193,66,15.64172
93.445971,67,15.663455
93.453938,67,15.685167
93.459225,67,15.706972
93.54744,66,15.72842
93.549286,66,15.749812
93.443585,67,15.771838
93.544139,66,15.793334
93.433612,67,15.815156
93.549666,66,15.836542
93.451295,67,15.858279
93.546586,66,15.879765
93.44066,67,15.901543
93.544114,66,15.923159
93.450271,67,15.944861
93.546205,66,15.966421
93.451349,67,15.988119
93.545944,66,16.009574
93.550223,66,16.031074
93.448625,67,16.052836
93.544084,66,16.074502
93.443216,67,16.096339
93.54684,66,16.117961
93.451283,67,16.139755
93.440418,67,16.161633
93.545482,66,16.18312
93.546515,66,16.20451
93.546576,66,16.225959
93.546584,66,16.247412
93.545782,66,16.268865
93.554787,66,16.290384
93.54803,66,16.311977
93.454436,67,16.333799
93.547552,66,16.355333
93.546584,66,16.376836
93.562548,66,16.398692
93.555631,66,16.420154
93.451633,67,16.441904
93.552418,66,16.463403
93.441875,67,16.485188
93.544063,66,16.507707
93.453677,67,16.529531
93.446417,67,16.551366
93.438624,67,16.573161
93.544293,66,16.594534
93.45823,67,16.616222
93.545881,66,16.637692
93.545992,66,16.659061
93.549641,66,16.680389
93.439301,67,16.702171
93.433473,67,16.723867
93.546566,66,16.745281
93.549918,66,16.766712
93.54751,66,16.7881
93.545914,66,16.809559
93.5466,66,16.830915
93.560455,66,16.852289
93.457378,67,16.873992
93.545412,66,16.895382
93.545562,66,16.916737
93.544368,66,16.938154
93.439401,67,16.959905
93.451617,67,16.981635
93.458623,67,17.003391
93.451747,67,17.025098
93.54535,66,17.046442
93.544981,66,17.067816
93.545401,66,17.089288
93.433456,67,17.111059
93.544459,66,17.132466
93.559926,66,17.153937
93.458993,67,17.175643
93.455495,67,17.197303
93.441368,67,17.219025
93.45793,67,17.240689
93.551509,66,17.262086
93.442194,67,17.283997
93.433345,67,17.305665
93.441476,67,17.327429
93.549291,66,17.348745
93.544078,66,17.370145
93.55605,66,17.391523
93.544129,66,17.413053
93.553111,66,17.434428
93.544013,66,17.455874
93.544369,66,17.477268
93.544222,66,17.498646
93.548994,66,17.5201
93.544864,66,17.541566
93.547108,66,17.563059
93.439612,67,17.584747
93.556762,66,17.606341
93.545694,66,17.627783
93.456293,67,17.649559
93.545446,66,17.670906
93.545816,66,17.692285
93.550782,66,17.713772
93.546519,66,17.735178
93.439871,67,17.7569
93.544229,66,17.778401
93.550949,66,17.799879
93.456064,67,17.821657
93.563395,66,17.843051
93.544437,66,17.864449
93.545342,66,17.885854
93.54539,66,17.907372
93.459162,67,17.929095
93.436732,67,17.950869
93.544636,66,17.972335
93.440526,67,17.994056
93.546608,66,18.015557
93.546594,66,18.036914
93.544539,66,18.058404
93.545142,66,18.079828
93.544051,66,18.101182
93.443544,67,18.122951
93.545322,66,18.144293
93.55439,66,18.165709
93.544807,66,18.187116
93.545435,66,18.208476
93.550255,66,18.22988
93.546595,66,18.251246
93.547417,66,18.272648
93.548888,66,18.294025
93.546632,66,18.315361
93.54654,66,18.336734
93.445244,67,18.358455
93.54601,66,18.379977
93.454442,67,18.40207
93.452693,67,18.423847
93.45242,67,18.445561
93.546585,66,18.466872
93.448853,67,18.488514
93.54778,66,18.509899
93.452233,67,18.53152
93.449715,67,18.553233
93.548417,66,18.574691
93.546473,66,18.596045
93.546733,66,18.6175
93.44251,67,18.639182
93.449125,67,18.660836
93.439429,67,18.68258
93.443986,67,18.704288
93.453311,67,18.725964
93.551477,66,18.747403
93.544841,66,18.768771
93.54529,66,18.790162
93.435127,67,18.811842
93.544202,66,18.833191
93.452139,67,18.854846
93.555871,66,18.876216
93.562833,66,18.897617
93.451816,67,18.919425
93.546074,66,18.940812
93.449104,67,18.962505
93.546114,66,18.983881
93.549442,66,19.005201
93.433289,67,19.027003
93.438746,67,19.048707
93.549086,66,19.070299
93.451568,67,19.092077
93.439792,67,19.113826
93.549399,66,19.135221
93.45333,67,19.156894
93.545353,66,19.178325
93.45329,67,19.199985
93.546586,66,19.221369
93.546595,66,19.242711
93.546547,66,19.264151
93.455,67,19.285871
93.452041,67,19.307623
93.442778,67,19.329431
93.453669,67,19.351256
93.440897,67,19.372975
93.547753,66,19.394526
93.452332,67,19.416372
93.544042,66,19.437685
93.549166,66,19.459023
93.546267,66,19.480368
93.546519,66,19.501784
93.447731,67,19.523465
93.545389,66,19.544888
93.544947,66,19.566374
93.438624,67,19.588099
93.449554,67,19.609812
93.458949,67,19.631421
93.453234,67,19.653198
93.544091,66,19.674583
93.449394,67,19.696242
93.551394,66,19.717695
93.454593,67,19.73947
93.433489,67,19.761263
93.544534,66,19.782836
93.54413,66,19.804293
93.55823,66,19.825676
93.545432,66,19.847064
93.54733,66,19.868426
93.546116,66,19.889748
93.547066,66,19.911148
93.550929,66,19.932575
93.544173,66,19.953991
93.545327,66,19.975303
93.435381,67,19.997116
93.546511,66,20.018423
93.546598,66,20.039799
93.449182,67,20.061565
93.438672,67,20.083276
93.545189,66,20.104631
93.545335,66,20.126016
93.547776,66,20.147434
93.54659,66,20.168777
93.546594,66,20.190228
93.459187,67,20.211967
93.544133,66,20.233426
93.560018,66,20.254833
93.544949,66,20.27623
93.545804,66,20.297763
93.457732,67,20.319486
93.551968,66,20.340827
93.544041,66,20.362274
93.546569,66,20.383601
93.440118,67,20.405677
93.545621,66,20.427057
93.547656,66,20.448487
93.446979,67,20.470199
93.545615,66,20.49156
93.546596,66,20.512927
93.459061,67,20.534668
93.453696,67,20.556428
93.453072,67,20.578125
93.555579,66,20.599533
93.561242,66,20.620836
93.453324,67,20.642554
93.440857,67,20.664193
93.454269,67,20.68589
93.438794,67,20.707565
93.546597,66,20.728999
93.54534,66,20.750378
93.544808,66,20.771746
93.545322,66,20.793138
93.455983,67,20.814799
93.546057,66,20.836171
93.550796,66,20.857522
93.544009,66,20.878943
93.452111,67,20.900696
93.439449,67,20.922378
93.546595,66,20.943755
93.546509,66,20.965119
93.544549,66,20.986523
93.545354,66,21.00794
93.548667,66,21.029334
93.458387,67,21.05104
93.455428,67,21.072822
93.547407,66,21.094243
93.546486,66,21.115672
93.545845,66,21.137007
93.456703,67,21.158758
93.545617,66,21.18017
93.546585,66,21.20156
93.546219,66,21.222978
93.545223,66,21.244358
93.546585,66,21.265801
93.545325,66,21.287242
93.436517,67,21.308949
93.545226,66,21.330589
93.459229,67,21.352335
93.434099,67,21.374229
93.545388,66,21.395689
93.545323,66,21.417135
93.545332,66,21.438539
93.458328,67,21.460196
93.545267,66,21.481567
93.440903,67,21.503278
93.544003,66,21.524622
93.545036,66,21.546021
93.44853,67,21.567797
93.452108,67,21.589528
93.446395,67,21.611201
93.555512,66,21.632611
93.549183,66,21.65409
93.459176,67,21.67579
93.434498,67,21.697511
93.452239,67,21.719202
93.454475,67,21.74092
93.561932,66,21.762308
93.437708,67,21.784163
93.546596,66,21.805618
93.458999,67,21.827345
93.454097,67,21.849071
93.551988,66,21.870383
93.451548,67,21.892037
93.458805,67,21.91376
93.546585,66,21.935138
93.433268,67,21.956887
93.447556,67,21.978589
93.456671,67,22.000303
93.557314,66,22.021819
93.545004,66,22.043209
93.459141,67,22.065031
93.549226,66,22.086575
93.458969,67,22.108312
93.546005,66,22.12965
93.54446,66,22.150992
93.546781,66,22.172371
93.454202,67,22.19403
93.454068,67,22.21573
93.549706,66,22.237128
93.455446,67,22.258893
93.452987,67,22.280709
93.557336,66,22.302321
93.545534,66,22.32374
93.434066,67,22.345468
93.441003,67,22.367132
93.548699,66,22.388443
93.444479,67,22.410251
93.546888,66,22.43166
93.546741,66,22.4531
93.445535,67,22.474783
93.546597,66,22.496124
93.546039,66,22.517502
93.544571,66,22.538906
93.546585,66,22.560327
93.546407,66,22.581684
93.440933,67,22.603384
93.545121,66,22.624769
93.545815,66,22.646161
93.446821,67,22.66782
93.545551,66,22.689227
93.444155,67,22.710955
93.549625,66,22.732396
93.557726,66,22.753803
93.546581,66,22.775137
93.451767,67,22.79682
93.549656,66,22.818151
93.45176,67,22.83993
93.545389,66,22.861293
93.547035,66,22.882686
93.556263,66,22.904104
93.545323,66,22.925412
93.443126,67,22.947059
93.439065,67,22.968798
93.546587,66,22.990163
93.544997,66,23.011581
93.54438,66,23.032936
93.55817,66,23.054392
93.544005,66,23.075821
93.554456,66,23.097192
93.546727,66,23.11861
93.544053,66,23.139995
93.442187,67,23.161736
93.545149,66,23.183103
93.550464,66,23.204486
93.450582,67,23.226163
93.545322,66,23.247539
93.454528,67,23.269221
93.443288,67,23.290975
93.544002,66,23.312611
93.544056,66,23.334
93.552297,66,23.35536
93.549125,66,23.376747
93.544036,66,23.398178
93.545539,66,23.419629
93.453638,67,23.44135
93.437006,67,23.463001
93.545262,66,23.484422
93.449598,67,23.506181
93.546517,66,23.527539
93.458826,67,23.549391
93.5465,66,23.570845
93.550532,66,23.592196
93.546865,66,23.613621
93.544004,66,23.634984
93.547147,66,23.656385
93.55475,66,23.67771
93.54525,66,23.69904
93.545098,66,23.720412
93.561642,66,23.7417
93.457194,67,23.763386
93.551819,66,23.784885
93.449583,67,23.806517
93.546536,66,23.82796
93.548751,66,23.84933
93.433305,67,23.871015
93.459119,67,23.892715
93.545785,66,23.914106
93.55412,66,23.935517
93.458575,67,23.95716
93.458516,67,23.978918
93.561702,66,24.000361
93.550663,66,24.02177
93.553975,66,24.043194
93.547707,66,24.064677
93.450792,67,24.086456
93.545199,66,24.107844
93.433471,67,24.129545
93.54657,66,24.150902
93.550357,66,24.172254
93.544011,66,24.193647
93.553249,66,24.215065
93.559543,66,24.236444
93.544003,66,24.257905
93.548864,66,24.279365
93.54411,66,24.300825
93.55335,66,24.322465
93.546575,66,24.343898
93.545475,66,24.36541
93.44442,67,24.387099
93.545277,66,24.408545
93.433584,67,24.430214
93.550625,66,24.451564
93.547786,66,24.472999
93.451992,67,24.494711
93.548965,66,24.516083
93.557007,66,24.537457
93.54656,66,24.558893
93.549911,66,24.580217
93.546524,66,24.601602
93.549128,66,24.623003
93.440352,67,24.64472
93.545912,66,24.666181
93.45062,67,24.688
93.449266,67,24.709707
93.546597,66,24.731149
93.552194,66,24.752534
93.546246,66,24.773962
93.547712,66,24.795362
93.440264,67,24.817018
93.545648,66,24.838454
93.550906,66,24.859833
93.547224,66,24.881239
93.54576,66,24.902645
93.54829,66,24.924125
93.433494,67,24.94582
93.434234,67,24.96756
93.546584,66,24.988937
93.545357,66,25.010385
93.544045,66,25.031799
93.545604,66,25.053465
93.561406,66,25.074908
93.544029,66,25.096374
93.433788,67,25.118057
93.546521,66,25.139432
93.544038,66,25.161023
93.433566,67,25.182734
93.547069,66,25.204078
93.546591,66,25.225504
93.546619,66,25.246894
93.458066,67,25.268741
93.546629,66,25.290174
93.457528,67,25.312067
93.433343,67,25.333758
93.545323,66,25.355228
93.556309,66,25.376751
93.545194,66,25.398245
93.440626,67,25.419953
93.547989,66,25.441385
93.551428,66,25.462779
93.441267,67,25.484579
93.435957,67,25.506281
93.544803,66,25.527724
93.439764,67,25.549469
93.550186,66,25.570809
93.562978,66,25.592189
93.433488,67,25.613854
93.544909,66,25.635162
93.453809,67,25.656837
93.546493,66,25.678158
93.439803,67,25.699838
93.545913,66,25.721213
93.54559,66,25.742676
93.452839,67,25.764442
93.550653,66,25.78598
93.546599,66,25.80735
93.54834,66,25.82875
93.451876,67,25.850475
93.547213,66,25.87186
93.448328,67,25.893589
93.544001,66,25.914985
93.439344,67,25.936759
93.433319,67,25.958557
93.546599,66,25.979946
93.549087,66,26.001372
93.548522,66,26.022851
93.545311,66,26.044213
93.546593,66,26.065626
93.544049,66,26.087023
93.549212,66,26.108418
93.454065,67,26.130141
93.546585,66,26.151486
93.545336,66,26.172892
93.446573,67,26.194595
93.544213,66,26.216017
93.439089,67,26.237762
93.459218,67,26.259499
93.546587,66,26.280887
93.546728,66,26.30242
93.5466,66,26.323802
93.545313,66,26.345204
93.551308,66,26.366674
93.439894,67,26.388374
93.451588,67,26.410158
93.548444,66,26.431514
93.545363,66,26.452868
93.544386,66,26.474255
93.544176,66,26.497515
93.546739,66,26.51888
93.452048,67,26.540487
93.441166,67,26.562131
93.544558,66,26.583452
93.45183,67,26.605091
93.554325,66,26.626465
93.440332,67,26.648135
93.55193,66,26.66948
93.439314,67,26.691193
93.438732,67,26.712909
93.546599,66,26.734315
93.545779,66,26.755717
93.554029,66,26.777092
93.550268,66,26.798511
93.546489,66,26.819921
93.454665,67,26.841582
93.547503,66,26.862952
93.443132,67,26.884632
93.554388,66,26.905984
93.433277,67,26.927635
93.458292,67,26.949309
93.439798,67,26.970993
93.546559,66,26.992292
93.454253,67,27.01396
93.546594,66,27.035333
93.546502,66,27.056808
93.452182,67,27.078507
93.44909,67,27.100146
93.441828,67,27.12185
93.558556,66,27.143167
93.452963,67,27.164849
93.546585,66,27.186211
93.449454,67,27.207868
93.454987,67,27.229496
93.561008,66,27.250851
93.547369,66,27.272216
93.546604,66,27.293666
93.549918,66,27.315077
93.545324,66,27.336421
93.545584,66,27.357795
93.54821,66,27.37912
93.544013,66,27.400453
93.442876,67,27.422127
93.440685,67,27.443756
93.452644,67,27.465362
93.447024,67,27.487042
93.555457,66,27.508348
93.544059,66,27.529904
93.550042,66,27.551449
93.549779,66,27.572823
93.458023,67,27.594492
93.445605,67,27.616132
93.444113,67,27.637779
93.452818,67,27.659484
93.445909,67,27.68113
93.549005,66,27.702525
93.563601,66,27.723894
93.544001,66,27.745212
93.434221,67,27.766865
93.550896,66,27.788293
93.545311,66,27.80964
93.556877,66,27.830932
93.546522,66,27.85223
93.544874,66,27.87353
93.453162,67,27.895149
93.544053,66,27.916485
93.546499,66,27.93781
93.546487,66,27.959156
93.452462,67,27.980746
93.440893,67,28.002374
93.547154,66,28.02369
93.545502,66,28.045065
93.546833,66,28.066399
93.553071,66,28.08778
93.442552,67,28.109478
93.545573,66,28.130835
93.546626,66,28.152147
93.546586,66,28.173443
93.557595,66,28.194747
93.439432,67,28.216334
93.54501,66,28.237604
93.549581,66,28.259192
93.455309,67,28.280942
93.544942,66,28.302567
93.545867,66,28.323866
93.446814,67,28.345505
93.54993,66,28.366908
93.546311,66,28.388224
93.5579,66,28.409681
93.544031,66,28.431013
93.545453,66,28.452355
93.544127,66,28.473708
93.546555,66,28.495005
93.459222,67,28.51663
93.544047,66,28.537896
93.545025,66,28.559183
93.450287,67,28.580823
93.548877,66,28.602165
93.433686,67,28.623777
93.546089,66,28.645139
93.548746,66,28.666463
93.545825,66,28.687779
93.546672,66,28.709113
93.545133,66,28.730515
93.54975,66,28.751859
93.458342,67,28.773573
93.546447,66,28.794999
93.442416,67,28.816676
93.451493,67,28.838356
93.453121,67,28.859986
93.434504,67,28.881661
93.544004,66,28.903023
93.444702,67,28.924623
93.55103,66,28.945954
93.546595,66,28.967302
93.44461,67,28.991667
93.545794,66,29.013068
93.43905,67,29.034693
93.550549,66,29.056105
93.544116,66,29.077494
93.546872,66,29.098817
93.549461,66,29.120176
93.551033,66,29.14149
93.544086,66,29.162899
93.544094,66,29.184166
93.545324,66,29.205538
93.545147,66,29.226899
93.546499,66,29.248238
93.551573,66,29.269557
93.544203,66,29.290929
93.54562,66,29.312448
93.545799,66,29.3338
93.544476,66,29.355139
93.452369,67,29.37679
93.546083,66,29.398174
93.546585,66,29.419501
93.551079,66,29.440813
93.550469,66,29.462175
93.550968,66,29.483513
93.546585,66,29.504958
93.433302,67,29.526638
93.458099,67,29.548393
93.544084,66,29.569825
93.545513,66,29.591202
93.546513,66,29.612471
93.561383,66,29.633799
93.433288,67,29.655505
93.442216,67,29.677182
93.54819,66,29.698532
93.447536,67,29.720223
93.544192,66,29.741558
93.546033,66,29.7629
93.5466,66,29.784326
93.54564,66,29.805681
93.442361,67,29.82732
93.455623,67,29.848963
93.547492,66,29.870327
93.5468,66,29.891659
93.546562,66,29.912948
93.433249,67,29.934499
93.546345,66,29.955881
93.434164,67,29.977567
93.451969,67,29.999253
93.457653,67,30.020957
93.545461,66,30.042347
93.546279,66,30.063938
93.544935,66,30.085335
93.547917,66,30.106736
93.455857,67,30.128382
93.544386,66,30.149678
93.433363,67,30.171401
93.545009,66,30.192773
93.5449,66,30.214137
93.559694,66,30.235539
93.449454,67,30.257217
93.546544,66,30.27863
93.555223,66,30.300039
93.544534,66,30.321528
93.451651,67,30.343175
93.548837,66,30.364601
93.544505,66,30.386046
93.546493,66,30.407476
93.545304,66,30.428794
93.54492,66,30.450152
93.545567,66,30.471532
93.54503,66,30.492866
93.45205,67,30.514501
93.546585,66,30.535863
93.544018,66,30.557301
93.554648,66,30.57866
93.546584,66,30.599999
93.550728,66,30.621332
93.546129,66,30.642655
93.546591,66,30.663999
93.557885,66,30.685305
93.544002,66,30.70666
93.445422,67,30.728343
93.544397,66,30.749749
93.545365,66,30.771146
93.545183,66,30.792487
93.451255,67,30.814227
93.550113,66,30.835581
93.546496,66,30.856901
93.545201,66,30.878269
93.546075,66,30.899595
93.450209,67,30.921263
93.452317,67,30.942976
93.437858,67,30.964617
93.454104,67,30.986241
93.458485,67,31.007936
93.546497,66,31.029211
93.436299,67,31.050866
93.548002,66,31.072119
93.546547,66,31.093425
93.549998,66,31.114794
93.55778,66,31.136097
93.555803,66,31.157413
93.545299,66,31.178712
93.458508,67,31.200344
93.545635,66,31.221659
93.545203,66,31.243013
93.44473,67,31.264616
93.546502,66,31.28608
93.546539,66,31.307655
93.544012,66,31.328959
93.452536,67,31.350598
93.439478,67,31.372215
93.544462,66,31.393632
93.546584,66,31.41493
93.546492,66,31.436297
93.546589,66,31.45761
93.546501,66,31.478919
93.438691,67,31.500623
93.545543,66,31.522004
93.544965,66,31.543257
93.546609,66,31.5648
93.544433,66,31.586125
93.439234,67,31.607983
93.545363,66,31.629242
93.545961,66,31.650574
93.545326,66,31.671909
93.448853,67,31.693513
93.544995,66,31.714815
93.544972,66,31.736147
93.559495,66,31.757456
93.433288,67,31.779279
93.546591,66,31.80059
93.546589,66,31.82187
93.546051,66,31.843223
93.454545,67,31.864881
93.439696,67,31.886552
93.558069,66,31.90783
93.45828,67,31.929486
93.552243,66,31.950761
93.548807,66,31.972061
93.546491,66,31.993411
93.440981,67,32.015097
93.550857,66,32.036388
93.439667,67,32.058087
93.546515,66,32.07941
93.453661,67,32.101044
93.44298,67,32.122666
93.546489,66,32.143943
93.547609,66,32.165241
93.546601,66,32.186579
93.548168,66,32.207919
93.546591,66,32.229306
93.458356,67,32.250928
93.43996,67,32.272617
93.546401,66,32.293942
93.552306,66,32.315402
93.545184,66,32.336704
93.440124,67,32.35843
93.553672,66,32.379766
93.544023,66,32.401177
93.545443,66,32.422446
93.547108,66,32.443791
93.546983,66,32.465149
93.556342,66,32.486438
93.545366,66,32.507813
93.545505,66,32.5291
93.558121,66,32.550456
93.545603,66,32.571836
93.436962,67,32.593568
93.546903,66,32.614882
93.548711,66,32.636198
93.546585,66,32.657526
93.546055,66,32.678816
93.440454,67,32.700462
93.54658,66,32.721885
93.447073,67,32.743532
93.452399,67,32.765215
93.560633,66,32.786577
93.54569,66,32.807864
93.545323,66,32.829191
93.452391,67,32.850849
93.54693,66,32.872163
93.545635,66,32.893452
93.54576,66,32.914762
93.546586,66,32.936051
93.440231,67,32.957715
93.545668,66,32.978988
93.545041,66,33.0003
93.560202,66,33.021634
93.439718,67,33.043308
93.450611,67,33.065187
93.544725,66,33.086495
93.546551,66,33.107857
93.554503,66,33.129158
93.54522,66,33.150449
93.457744,67,33.172179
93.446983,67,33.193869
93.545414,66,33.215208
93.457618,67,33.23678
93.547166,66,33.258152
93.548341,66,33.279533
93.447269,67,33.301159
93.444862,67,33.323063
93.546584,66,33.344424
93.438856,67,33.366094
93.544028,66,33.387418
93.544932,66,33.408871
93.552095,66,33.430243
93.545511,66,33.451518
93.45231,67,33.473162
93.551665,66,33.494477
93.439492,67,33.516158
93.556044,66,33.537521
93.5466,66,33.558887
93.54577,66,33.580112
93.544737,66,33.601393
93.545288,66,33.622696
93.544002,66,33.644036
93.559834,66,33.665482
93.544118,66,33.686811
93.440924,67,33.708452
93.450419,67,33.730116
93.546505,66,33.751446
93.550614,66,33.772862
93.454648,67,33.794497
93.556642,66,33.815806
93.546603,66,33.837112
93.547872,66,33.858473
93.452336,67,33.880112
93.544089,66,33.901411
93.544962,66,33.922708
93.545322,66,33.94407
93.452498,67,33.965749
93.557133,66,33.987061
93.561855,66,34.008388
93.439658,67,34.030022
93.44605,67,34.051641
93.447769,67,34.073318
93.546504,66,34.094631
93.451477,67,34.11624
93.546584,66,34.137559
93.445019,67,34.159178
93.450043,67,34.180773
93.545358,66,34.202078
93.438777,67,34.223725
93.548343,66,34.24501
93.557384,66,34.268048
93.545401,66,34.290587
93.546584,66,34.312226
93.545377,66,34.333868
93.548475,66,34.355594
93.545454,66,34.377752
93.545689,66,34.399671
93.546584,66,34.421599
93.561076,66,34.44352
93.54594,66,34.464958
93.545615,66,34.486326
93.453224,67,34.508105
93.550893,66,34.529419
93.545325,66,34.550841
93.545568,66,34.572265
93.546185,66,34.593628
93.455831,67,34.615281
93.446836,67,34.636929
93.548742,66,34.658225
93.45195,67,34.679802
93.546874,66,34.701116
93.544002,66,34.722394
93.546761,66,34.74368
93.545967,66,34.765024
93.549776,66,34.786335
93.544055,66,34.80765
93.549439,66,34.829004
93.544741,66,34.850307
93.443306,67,34.871955
93.545753,66,34.893275
93.546498,66,34.914623
93.546652,66,34.935911
93.43608,67,34.957549
93.548006,66,34.978859
93.459204,67,35.000489
93.544175,66,35.021804
93.440541,67,35.043446
93.546675,66,35.064994
93.546585,66,35.086382
93.546734,66,35.107732
93.549828,66,35.129052
93.544005,66,35.150355
93.550801,66,35.171655
93.451758,67,35.19333
93.442239,67,35.214962
93.546603,66,35.236192
93.450451,67,35.257811
93.545468,66,35.279225
93.552029,66,35.30065
93.439762,67,35.322343
93.54514,66,35.343649
93.451292,67,35.365332
93.451522,67,35.386969
93.453754,67,35.40866
93.544356,66,35.429981
93.546694,66,35.45131
93.547133,66,35.47262
93.546573,66,35.49397
93.458507,67,35.515611
93.546584,66,35.536892
93.545498,66,35.558285
93.545665,66,35.579584
93.433687,67,35.6012
93.433533,67,35.622773
93.550658,66,35.644074
93.544173,66,35.665401
93.459229,67,35.687102
93.446613,67,35.70898
93.54463,66,35.730264
93.560783,66,35.751549
93.452129,67,35.773234
93.545126,66,35.794554
93.435805,67,35.81619
93.544012,66,35.837557
93.546504,66,35.858866
93.544515,66,35.880215
93.54533,66,35.901534
93.546569,66,35.922869
93.546585,66,35.944225
93.435621,67,35.965857
93.548375,66,35.98721
93.544183,66,36.008511
93.446586,67,36.030114
93.55068,66,36.051438
93.459207,67,36.073091
93.452788,67,36.094829
93.54664,66,36.116145
93.56077,66,36.137485
93.552422,66,36.158774
93.459227,67,36.180405
93.452035,67,36.202006
93.550957,66,36.223297
93.550025,66,36.244578
93.544691,66,36.265906
93.453109,67,36.287593
93.546031,66,36.308959
93.459194,67,36.330558
93.453838,67,36.352151
93.457772,67,36.373807
93.435028,67,36.395533
93.545272,66,36.416829
93.548848,66,36.438184
93.453744,67,36.459814
93.554586,66,36.481105
93.442574,67,36.504955
93.545341,66,36.526264
93.546584,66,36.547705
93.44275,67,36.569363
93.439514,67,36.590934
93.545485,66,36.612177
93.547565,66,36.633424
93.547673,66,36.65469
93.544188,66,36.675972
93.550313,66,36.697222
93.546588,66,36.718456
93.545853,66,36.739791
93.545101,66,36.761029
93.443344,67,36.782588
93.45713,67,36.80416
93.545136,66,36.825429
93.545333,66,36.84671
93.545413,66,36.867974
93.546592,66,36.889205
93.544006,66,36.910452
93.451435,67,36.932099
93.544173,66,36.953397
93.546585,66,36.974653
93.544908,66,36.995902
93.546538,66,37.017154
93.454857,67,37.038831
93.544025,66,37.060131
93.552271,66,37.081477
93.436411,67,37.10308
93.457989,67,37.124647
93.546528,66,37.145892
93.545849,66,37.167206
93.459028,67,37.188794
93.546484,66,37.210056
93.546639,66,37.23128
93.442157,67,37.252858
93.550547,66,37.274217
93.54552,66,37.295493
93.545324,66,37.316949
93.545379,66,37.338145
93.549109,66,37.359396
93.544054,66,37.380628
93.545513,66,37.401888
93.45126,67,37.423432
93.434972,67,37.445004
93.545869,66,37.46628
93.546589,66,37.487539
93.558305,66,37.508833
93.548864,66,37.530077
93.545641,66,37.55141
93.443717,67,37.573092
93.445474,67,37.594675
93.552186,66,37.615952
93.546531,66,37.63719
93.546911,66,37.658452
93.54661,66,37.679675
93.544838,66,37.700919
93.544684,66,37.722208
93.558421,66,37.743436
93.45084,67,37.765228
93.546591,66,37.786654
93.546084,66,37.807878
93.438611,67,37.829455
93.457366,67,37.85101
93.546176,66,37.872282
93.545435,66,37.893501
93.446236,67,37.915068
93.560411,66,37.936271
93.439477,67,37.95788
93.546584,66,37.979139
93.458493,67,38.000736
93.453337,67,38.022369
93.546594,66,38.043609
93.456267,67,38.06545
93.544139,66,38.086692
93.547117,66,38.107993
93.455248,67,38.129544
93.546026,66,38.150798
93.433665,67,38.17233
93.453113,67,38.193909
93.458265,67,38.215473
93.546594,66,38.236715
93.544845,66,38.257974
93.547843,66,38.279234
93.555598,66,38.300409
93.4492,67,38.322134
93.447642,67,38.343743
93.554465,66,38.364983
93.546594,66,38.386308
93.451175,67,38.407994
93.549136,66,38.429268
93.445771,67,38.450885
93.549945,66,38.472152
93.544529,66,38.49345
93.439532,67,38.515059
93.544534,66,38.536276
93.548748,66,38.557565
93.5496,66,38.578802
93.545234,66,38.599978
93.546585,66,38.621203
93.5468,66,38.642431
93.544055,66,38.663662
93.442657,67,38.685202
93.544249,66,38.706441
93.545376,66,38.727681
93.56335,66,38.748937
93.451644,67,38.770556
93.437474,67,38.792137
93.459214,67,38.813704
93.438651,67,38.835238
93.545277,66,38.856511
93.54479,66,38.877849
93.448789,67,38.899403
93.439314,67,38.920992
93.546553,66,38.942246
93.545854,66,38.963529
93.441876,67,38.985077
93.544021,66,39.006357
93.550033,66,39.027575
93.546585,66,39.048833
93.546238,66,39.070149
93.546922,66,39.091377
93.544531,66,39.112609
93.545669,66,39.133839
93.544042,66,39.155093
93.545322,66,39.176309
93.55637,66,39.197538
93.545238,66,39.218773
93.545322,66,39.239988
93.546491,66,39.261176
93.442047,67,39.282761
93.452404,67,39.304409
93.546562,66,39.325598
93.54535,66,39.346796
93.544173,66,39.367972
93.560686,66,39.389196
93.544766,66,39.41052
93.445142,67,39.432035
93.548365,66,39.453274
93.545323,66,39.474503
93.443613,67,39.496038
93.433322,67,39.517645
93.545109,66,39.538886
93.433272,67,39.560545
93.454226,67,39.582184
93.54539,66,39.603453
93.454598,67,39.62501
93.457879,67,39.646584
93.54449,66,39.667831
93.546524,66,39.689059
93.544006,66,39.710315
93.544734,66,39.731558
93.544107,66,39.752772
93.550291,66,39.77415
93.546536,66,39.795399
93.444286,67,39.817038
93.550327,66,39.838312
93.451391,67,39.859864
93.439614,67,39.881426
93.454958,67,39.90408
93.443379,67,39.927303
93.549823,66,39.949875
93.451103,67,39.972193
93.561514,66,39.994006
93.546791,66,40.015791
93.544671,66,40.037443
93.547086,66,40.059029
93.545598,66,40.080276
93.54854,66,40.101507
93.455917,67,40.123035
93.54735,66,40.144255
93.456928,67,40.165807
93.546518,66,40.187036
93.546542,66,40.208253
93.548079,66,40.229521
93.454259,67,40.251062
93.562676,66,40.272299
93.547764,66,40.29355
93.452575,67,40.315331
93.453334,67,40.336902
93.545183,66,40.358264
93.545462,66,40.379485
93.439857,67,40.401178
93.546488,66,40.42251
93.546286,66,40.443776
93.546594,66,40.465006
93.45232,67,40.486552
93.547794,66,40.507814
93.546971,66,40.529087
93.551798,66,40.550374
93.545594,66,40.571658
93.442848,67,40.593198
93.544027,66,40.614412
93.446597,67,40.635941
93.450176,67,40.657523
93.442281,67,40.679152
93.544213,66,40.700389
93.4591,67,40.721991
93.442129,67,40.74353
93.440344,67,40.765063
93.548896,66,40.786323
93.452218,67,40.807873
93.549613,66,40.829273
93.55177,66,40.850587
93.557356,66,40.871848
93.54403,66,40.89307
93.54707,66,40.914295
93.545804,66,40.93554
93.545345,66,40.956745
93.546056,66,40.978
93.546529,66,40.999249
93.544069,66,41.020485
93.546577,66,41.041704
93.546595,66,41.062958
93.563351,66,41.084288
93.546669,66,41.105598
93.549883,66,41.126877
93.443513,67,41.148459
93.545328,66,41.169796
93.454896,67,41.191414
93.454153,67,41.213044
93.546991,66,41.2343
93.545322,66,41.255523
93.456362,67,41.277149
93.458484,67,41.298789
93.451902,67,41.320523
93.434776,67,41.34219
93.54642,66,41.363435
93.546169,66,41.384733
93.546545,66,41.406116
93.451385,67,41.427722
93.544011,66,41.449054
93.545127,66,41.470307
93.545932,66,41.491538
93.546797,66,41.512883
93.553701,66,41.534127
93.549369,66,41.555486
93.546584,66,41.576741
93.546585,66,41.597998
93.546605,66,41.61926
93.561675,66,41.640499
93.545356,66,41.661782
93.544549,66,41.683036
93.546036,66,41.704281
93.545357,66,41.725547
93.452771,67,41.74713
93.451663,67,41.768746
93.555776,66,41.790054
93.54484,66,41.81134
93.549997,66,41.832585
93.546584,66,41.853908
93.451813,67,41.875468
93.545493,66,41.896641
93.544519,66,41.917873
93.44068,67,41.939456
93.546962,66,41.960766
93.549968,66,41.982018
93.450682,67,42.003641
93.544959,66,42.024855
93.444112,67,42.046431
93.443703,67,42.068036
93.440346,67,42.089603
93.544569,66,42.110866
93.546888,66,42.132097
93.546509,66,42.153322
93.444389,67,42.174942
93.545958,66,42.196163
93.544005,66,42.217419
93.453956,67,42.238974
93.545073,66,42.260208
93.546584,66,42.281469
93.459221,67,42.303086
93.545168,66,42.324347
93.551952,66,42.345608
93.456837,67,42.367182
93.444404,67,42.388893
93.435906,67,42.410502
93.447203,67,42.432025
93.545276,66,42.453247
93.439046,67,42.474811
93.445872,67,42.496327
93.545375,66,42.517612
93.546522,66,42.538902
93.456428,67,42.560588
93.544041,66,42.581908
93.441577,67,42.603496
93.546484,66,42.624764
93.546571,66,42.64598
93.56092,66,42.667221
93.449154,67,42.688787
93.457675,67,42.710341
93.546585,66,42.731551
93.442145,67,42.753153
93.437924,67,42.774812
93.547167,66,42.796064
93.545454,66,42.817318
93.54626,66,42.838684
93.44513,67,42.860258
93.545356,66,42.881506
93.54466,66,42.902781
93.544107,66,42.924024
93.546791,66,42.945317
93.445589,67,42.966902
93.546585,66,42.988181
93.451892,67,43.009795
93.45463,67,43.031343
93.544445,66,43.052618
93.544567,66,43.073951
93.553678,66,43.095173
93.548743,66,43.116416
93.546532,66,43.137679
93.545602,66,43.158936
93.544041,66,43.180179
93.451917,67,43.201744
93.446269,67,43.22329
93.439361,67,43.244864
93.546548,66,43.266116
93.459028,67,43.287678
93.445062,67,43.309185
93.452295,67,43.330711
93.544834,66,43.352169
93.546032,66,43.373412
93.54443,66,43.394732
93.546991,66,43.415954
93.548949,66,43.437241
93.55035,66,43.45845
93.544042,66,43.479701
93.546245,66,43.500911
93.54401,66,43.522183
93.544491,66,43.543416
93.559453,66,43.564789
93.549346,66,43.586043
93.455149,67,43.607623
93.545295,66,43.628889
93.549125,66,43.650121
93.459129,67,43.67171
93.544165,66,43.692938
93.546589,66,43.714203
93.546585,66,43.73542
93.544344,66,43.756645
93.55301,66,43.777995
93.550246,66,43.799253
93.451697,67,43.820813
93.546608,66,43.842239
93.545375,66,43.863526
93.544123,66,43.884802
93.441841,67,43.906498
93.546501,66,43.927764
93.547184,66,43.948988
93.44919,67,43.970485
93.547131,66,43.991744
93.54513,66,44.012993
93.437079,67,44.03452
93.546098,66,44.055788
93.545422,66,44.07706
93.55737,66,44.098374
93.554445,66,44.119659
93.43379,67,44.141237
93.458677,67,44.162854
93.546626,66,44.184134
93.459136,67,44.205736
93.545661,66,44.226976
93.448746,67,44.248539
93.546584,66,44.269819
93.546627,66,44.29108
93.545007,66,44.312286
93.545404,66,44.333746
93.544073,66,44.354961
93.549414,66,44.376263
93.546584,66,44.397564
93.455397,67,44.419121
93.547611,66,44.440382
93.562967,66,44.461631
93.433301,67,44.48321
93.439349,67,44.504772
93.448983,67,44.526324
93.557657,66,44.547642
93.550022,66,44.568938
93.546135,66,44.590224
93.45527,67,44.61177
93.550941,66,44.633101
93.544307,66,44.654388
93.457551,67,44.675989
93.551364,66,44.697297
93.439174,67,44.718873
93.546584,66,44.740171
93.547698,66,44.761518
93.545889,66,44.782771
93.545322,66,44.804053
93.447949,67,44.825789
93.546636,66,44.847143
93.433825,67,44.868736
93.549574,66,44.88999
93.54538,66,44.911251
93.547241,66,44.9325
93.545331,66,44.953791
93.562783,66,44.975029
93.44735,67,44.996593
93.433247,67,45.018243
93.54459,66,45.039502
93.458309,67,45.061146
93.545866,66,45.082378
93.546642,66,45.10366
93.549965,66,45.124923
93.454379,67,45.146503
93.544207,66,45.167832
93.445034,67,45.189451
93.452985,67,45.211013
93.459192,67,45.232625
93.544967,66,45.253865
93.546598,66,45.27515
93.553991,66,45.296434
93.54516,66,45.317656
93.544025,66,45.338869
93.43823,67,45.360651
93.445242,67,45.38222
93.452038,67,45.403914
93.434993,67,45.425553
93.546585,66,45.446806
93.545432,66,45.468035
93.44085,67,45.489623
93.45777,67,45.511189
93.547511,66,45.532437
93.546533,66,45.553782
93.446298,67,45.575319
93.454691,67,45.596924
93.561376,66,45.618195
93.544451,66,45.639455
93.549615,66,45.660725
93.548216,66,45.681978
93.555491,66,45.703218
93.546491,66,45.724466
93.546511,66,45.745697
93.547243,66,45.766932
93.453686,67,45.788613
93.547176,66,45.809899
93.544007,66,45.83114
93.545882,66,45.852399
93.547051,66,45.873671
93.54401,66,45.894969
93.545831,66,45.916242
93.544048,66,45.937533
93.434821,67,45.959095
93.546017,66,45.980391
93.544053,66,46.001686
93.45439,67,46.023279
93.544038,66,46.044526
93.445636,67,46.06616
93.459006,67,46.087741
93.451533,67,46.109286
93.453152,67,46.130866
93.442121,67,46.152475
93.443707,67,46.174053
93.544003,66,46.195294
93.546586,66,46.216533
93.458173,67,46.238085
93.544442,66,46.259359
93.54401,66,46.280608
93.545322,66,46.30189
93.547478,66,46.323308
93.438013,67,46.344863
93.456186,67,46.366514
93.552636,66,46.3878
93.546585,66,46.409161
93.454356,67,46.430839
93.452947,67,46.452481
93.553275,66,46.473775
93.547814,66,46.496028
93.54655,66,46.517348
93.545971,66,46.538523
93.545558,66,46.559802
93.458164,67,46.581287
93.545394,66,46.602485
93.545719,66,46.623673
93.546594,66,46.644868
93.451811,67,46.666445
93.451601,67,46.688012
93.443559,67,46.709595
93.544702,66,46.730839
93.458435,67,46.752386
93.441833,67,46.774013
93.546596,66,46.795223
93.545216,66,46.816462
93.445662,67,46.838135
93.456455,67,46.85987
93.546653,66,46.881138
93.544027,66,46.902375
93.548139,66,46.923622
93.452383,67,46.94517
93.545404,66,46.966397
93.546685,66,46.98768
93.45456,67,47.009295
93.544225,66,47.030523
93.4489,67,47.052094
93.546484,66,47.073429
93.443032,67,47.094979
93.546531,66,47.116225
93.54659,66,47.13746
93.435608,67,47.159019
93.54518,66,47.180241
93.545354,66,47.201447
93.453379,67,47.222965
93.438797,67,47.244479
93.550822,66,47.265708
93.546587,66,47.286962
93.459229,67,47.308517
93.545769,66,47.329931
93.459046,67,47.35148
93.449886,67,47.373057
93.545346,66,47.394245
93.544588,66,47.415524
93.547892,66,47.436784
93.45211,67,47.45831
93.442509,67,47.479858
93.442739,67,47.501426
93.455894,67,47.523013
93.45802,67,47.544605
93.44888,67,47.56628
93.544814,66,47.5875
93.459229,67,47.609049
93.546267,66,47.630317
93.548076,66,47.651575
93.54659,66,47.672816
93.545976,66,47.694056
93.549667,66,47.715286
93.458767,67,47.736876
93.545326,66,47.758157
93.433491,67,47.77983
93.546497,66,47.801053
93.440203,67,47.822605
93.545325,66,47.843832
93.544384,66,47.865083
93.544178,66,47.886288
93.55053,66,47.907469
93.545689,66,47.92866
93.448188,67,47.95017
93.43327,67,47.971697
93.451434,67,47.99331
93.459172,67,48.014819
93.544551,66,48.036033
93.548054,66,48.057295
93.545616,66,48.078542
93.546593,66,48.099794
93.445827,67,48.121345
93.555882,66,48.142552
93.435738,67,48.164088
93.544021,66,48.185291
93.544943,66,48.206511
93.555413,66,48.227767
93.453254,67,48.249288
93.456456,67,48.270837
93.443561,67,48.292363
93.559149,66,48.313581
93.444052,67,48.335185
93.550592,66,48.356518
93.557245,66,48.377844
93.453681,67,48.399595
93.54659,66,48.420789
93.447003,67,48.442351
93.546417,66,48.463576
93.448714,67,48.485076
93.459044,67,48.50663
93.457802,67,48.528159
93.546594,66,48.549505
93.448898,67,48.571076
93.546539,66,48.592264
93.546292,66,48.613469
93.45349,67,48.635053
93.560508,66,48.656292
93.546596,66,48.677489
93.546469,66,48.698728
93.546065,66,48.719961
93.450716,67,48.741501
93.545785,66,48.762742
93.554367,66,48.783987
93.545189,66,48.805217
93.549278,66,48.826632
93.545322,66,48.847973
93.546586,66,48.869217
93.545606,66,48.890471
93.545005,66,48.911674
93.544237,66,48.932908
93.546548,66,48.954164
93.553679,66,48.975389
93.439257,67,48.996914
93.557705,66,49.018171
93.544042,66,49.039396
93.5455,66,49.060622
93.433838,67,49.082169
93.545816,66,49.103361
93.458338,67,49.124919
93.453539,67,49.146432
93.544001,66,49.167757
93.546687,66,49.18901
93.451857,67,49.210644
93.544107,66,49.231919
93.544649,66,49.253151
93.552998,66,49.274473
93.544585,66,49.295716
93.546597,66,49.316967
93.551919,66,49.338239
93.548207,66,49.359448
93.551153,66,49.380801
93.459228,67,49.402533
93.557864,66,49.423777
93.434083,67,49.445386
93.544013,66,49.466608
93.545464,66,49.48784
93.545264,66,49.509082
93.441571,67,49.53061
93.437576,67,49.552237
93.446606,67,49.573798
93.545883,66,49.594997
93.459046,67,49.616499
93.546647,66,49.637743
93.546533,66,49.658991
93.546373,66,49.680217
93.453593,67,49.701798
93.440902,67,49.723317
93.544024,66,49.74453
93.458069,67,49.766062
93.545296,66,49.787377
93.546867,66,49.808572
93.545436,66,49.829753
93.545828,66,49.85098
93.43335,67,49.872509
93.451043,67,49.894069
93.444662,67,49.915593
93.459187,67,49.93713
93.545702,66,49.958368
93.441457,67,49.980467
93.453801,67,50.002301
93.545937,66,50.02363
93.458289,67,50.045463
93.544041,66,50.0668
93.439792,67,50.08832
93.552892,66,50.109606
93.549855,66,50.130817
93.549927,66,50.152002
93.546078,66,50.173183
93.551766,66,50.194447
93.43947,67,50.215989
93.546304,66,50.237226
93.546577,66,50.258448
93.546518,66,50.279682
93.544918,66,50.30094
93.5443,66,50.322175
93.544001,66,50.343593
93.446964,67,50.365212
93.452936,67,50.386771
93.438683,67,50.408506
93.545324,66,50.429816
93.546623,66,50.451021
93.457688,67,50.472549
93.448004,67,50.494119
93.459206,67,50.515722
93.545214,66,50.536992
93.545226,66,50.558362
93.546797,66,50.579601
93.43891,67,50.601183
93.545235,66,50.622429
93.549557,66,50.643681
93.44678,67,50.665212
93.438724,67,50.686753
93.544046,66,50.707972
93.549915,66,50.729195
93.547931,66,50.750374
93.452415,67,50.771973
93.550529,66,50.793189
93.545425,66,50.814392
93.545326,66,50.835798
93.549108,66,50.857072
93.549355,66,50.878284
93.544647,66,50.899494
93.439652,67,50.92104
93.544027,66,50.942301
93.551319,66,50.96354
93.557865,66,50.984824
93.546601,66,51.006086
93.56355,66,51.027287
93.54473,66,51.048497
93.545335,66,51.069739
93.45914,67,51.091264
93.555668,66,51.112478
93.545293,66,51.133728
93.54536,66,51.154901
93.545192,66,51.176121
