#{"t_start": 1614621892.1666062, "env_id": "MountainCar-v0"}
r,l,t
-110.0,110,2.648032
-84.0,84,2.701569
-110.0,110,2.771303
-113.0,113,2.842398
-110.0,110,2.911443
-110.0,110,2.980315
-113.0,113,3.05111
-110.0,110,3.120026
-110.0,110,3.188838
-112.0,112,3.259024
-110.0,110,3.327985
-83.0,83,3.380127
-113.0,113,3.45097
-110.0,110,3.520033
-84.0,84,3.572592
-110.0,110,3.641438
-113.0,113,3.712146
-85.0,85,3.765436
-110.0,110,3.834286
-85.0,85,3.887511
-166.0,166,3.991423
-110.0,110,4.060297
-113.0,113,4.130995
-110.0,110,4.199949
-86.0,86,4.253788
-170.0,170,4.360398
-161.0,161,4.461679
-110.0,110,4.531682
-112.0,112,4.602054
-112.0,112,4.672124
-115.0,115,4.743985
-115.0,115,4.815914
-112.0,112,4.886096
-85.0,85,4.939323
-113.0,113,5.010122
-113.0,113,5.080867
-85.0,85,5.137249
-115.0,115,5.210158
-113.0,113,5.281288
-112.0,112,5.351759
-114.0,114,5.42329
-84.0,84,5.476024
-109.0,109,5.544279
-113.0,113,5.615098
-83.0,83,5.667107
-112.0,112,5.73715
-85.0,85,5.790277
-86.0,86,5.84423
-112.0,112,5.914228
-85.0,85,5.967409
-110.0,110,6.03614
-111.0,111,6.105473
-85.0,85,6.158472
-115.0,115,6.230352
-115.0,115,6.302503
-115.0,115,6.374381
-110.0,110,6.443337
-84.0,84,6.495851
-83.0,83,6.547663
-112.0,112,6.617502
-86.0,86,6.671167
-111.0,111,6.740466
-110.0,110,6.809145
-110.0,110,6.878032
-112.0,112,6.947933
-110.0,110,7.016515
-170.0,170,7.122473
-115.0,115,7.194335
-85.0,85,7.247667
-160.0,160,7.347334
-110.0,110,7.416332
-161.0,161,7.516876
-110.0,110,7.585597
-114.0,114,7.656798
-113.0,113,7.727247
-113.0,113,7.797691
-114.0,114,7.868743
-83.0,83,7.92146
-164.0,164,8.023244
-110.0,110,8.091437
-110.0,110,8.159585
-164.0,164,8.261669
-110.0,110,8.329807
-113.0,113,8.400676
-110.0,110,8.469852
-111.0,111,8.538886
-113.0,113,8.60899
-160.0,160,8.70848
-113.0,113,8.778456
-113.0,113,8.848533
-115.0,115,8.919742
-110.0,110,8.987978
-111.0,111,9.056761
-113.0,113,9.127061
-110.0,110,9.195254
-86.0,86,9.248594
-113.0,113,9.318737
-88.0,88,9.373392
-113.0,113,9.44365
-112.0,112,9.513007
-110.0,110,9.581186
-113.0,113,9.651323
-110.0,110,9.719966
-87.0,87,9.773928
-111.0,111,9.842676
-114.0,114,9.913196
-160.0,160,10.012294
-112.0,112,10.081747
-112.0,112,10.151325
-83.0,83,10.202856
-110.0,110,10.271126
-112.0,112,10.34058
-112.0,112,10.410567
-110.0,110,10.478801
-111.0,111,10.548159
-85.0,85,10.600886
-113.0,113,10.670981
-113.0,113,10.740985
-167.0,167,10.844557
-163.0,163,10.946041
-113.0,113,11.016159
-114.0,114,11.087053
-167.0,167,11.190675
-111.0,111,11.259447
-163.0,163,11.360666
-83.0,83,11.412306
-112.0,112,11.482052
-110.0,110,11.550273
-112.0,112,11.619864
-109.0,109,11.68749
-114.0,114,11.758267
-110.0,110,11.826497
-113.0,113,11.89643
-109.0,109,11.96426
-110.0,110,12.03243
-110.0,110,12.100786
-110.0,110,12.168889
-111.0,111,12.237676
-112.0,112,12.30706
-112.0,112,12.37667
-110.0,110,12.445034
-110.0,110,12.513462
-110.0,110,12.582271
-111.0,111,12.65132
-110.0,110,12.71961
-110.0,110,12.787724
-113.0,113,12.857702
-87.0,87,12.911555
-88.0,88,12.966042
-86.0,86,13.019367
-112.0,112,13.089011
-114.0,114,13.159629
-111.0,111,13.228604
-112.0,112,13.298228
-113.0,113,13.368406
-115.0,115,13.439906
-160.0,160,13.539473
-112.0,112,13.609001
-110.0,110,13.677833
-112.0,112,13.747364
-110.0,110,13.815508
-84.0,84,13.867523
-113.0,113,13.937599
-86.0,86,13.991035
-109.0,109,14.058705
-110.0,110,14.127019
-113.0,113,14.197139
-88.0,88,14.251882
-110.0,110,14.320205
-112.0,112,14.389991
-114.0,114,14.460927
-111.0,111,14.52978
-83.0,83,14.581274
-158.0,158,14.679165
-161.0,161,14.778963
-113.0,113,14.848957
-114.0,114,14.919569
-85.0,85,14.972384
-113.0,113,15.042423
-114.0,114,15.113286
-110.0,110,15.181663
-161.0,161,15.281342
-115.0,115,15.352509
-110.0,110,15.420655
-111.0,111,15.489375
-113.0,113,15.559422
-113.0,113,15.629369
-110.0,110,15.6975
-112.0,112,15.767069
-110.0,110,15.835283
-84.0,84,15.887306
-112.0,112,15.956805
-110.0,110,16.024991
-112.0,112,16.094414
-111.0,111,16.163349
-113.0,113,16.233313
-115.0,115,16.30463
-109.0,109,16.372334
-84.0,84,16.424594
-85.0,85,16.47724
-111.0,111,16.546445
-167.0,167,16.650519
-89.0,89,16.705812
-112.0,112,16.775193
-110.0,110,16.843475
-110.0,110,16.911782
-83.0,83,16.963517
-112.0,112,17.032819
-110.0,110,17.10094
-113.0,113,17.170942
-113.0,113,17.241162
-84.0,84,17.293214
-112.0,112,17.362923
-86.0,86,17.416292
-85.0,85,17.468895
-111.0,111,17.537688
-110.0,110,17.605774
-167.0,167,17.709108
-84.0,84,17.761234
-112.0,112,17.830735
-113.0,113,17.900789
-114.0,114,17.973056
-112.0,112,18.042376
-160.0,160,18.141545
-86.0,86,18.194819
-110.0,110,18.262798
-113.0,113,18.33272
-112.0,112,18.402286
-113.0,113,18.47235
-110.0,110,18.540656
-110.0,110,18.608702
-110.0,110,18.676697
-86.0,86,18.729846
-110.0,110,18.798111
-111.0,111,18.866734
-112.0,112,18.93595
-89.0,89,18.99096
-113.0,113,19.060771
-113.0,113,19.130659
-112.0,112,19.19986
-86.0,86,19.253109
-111.0,111,19.321903
-113.0,113,19.391827
-113.0,113,19.461694
-112.0,112,19.531206
-110.0,110,19.599221
-85.0,85,19.651875
-111.0,111,19.720862
-110.0,110,19.78908
-113.0,113,19.858935
-111.0,111,19.927549
-110.0,110,19.995559
-114.0,114,20.066131
-160.0,160,20.165068
-113.0,113,20.234907
-112.0,112,20.304149
-110.0,110,20.372147
-110.0,110,20.440652
-110.0,110,20.508631
-110.0,110,20.576623
-112.0,112,20.6458
-110.0,110,20.713759
-86.0,86,20.76693
-115.0,115,20.838098
-112.0,112,20.907408
-161.0,161,21.006827
-160.0,160,21.105775
-87.0,87,21.159541
-84.0,84,21.211484
-115.0,115,21.282615
-84.0,84,21.33453
-111.0,111,21.403193
-112.0,112,21.472433
-112.0,112,21.541676
-84.0,84,21.5936
-160.0,160,21.692505
-111.0,111,21.761286
-88.0,88,21.815716
-86.0,86,21.86885
-113.0,113,21.938914
-111.0,111,22.007627
-112.0,112,22.076919
-111.0,111,22.145607
-113.0,113,22.215667
-84.0,84,22.26763
-112.0,112,22.336864
-114.0,114,22.40741
-113.0,113,22.477272
-115.0,115,22.548371
-110.0,110,22.616362
-110.0,110,22.684323
-85.0,85,22.737028
-113.0,113,22.806929
-111.0,111,22.875505
-167.0,167,22.978657
-110.0,110,23.046663
-113.0,113,23.116557
-87.0,87,23.170339
-84.0,84,23.222294
-87.0,87,23.276092
-83.0,83,23.32746
-112.0,112,23.397182
-111.0,111,23.465667
-110.0,110,23.533675
-113.0,113,23.603548
-83.0,83,23.654817
-112.0,112,23.72401
-110.0,110,23.792103
-112.0,112,23.861282
-83.0,83,23.912564
-111.0,111,23.981197
-85.0,85,24.033758
-163.0,163,24.134849
-84.0,84,24.186794
-110.0,110,24.254834
-111.0,111,24.323419
-111.0,111,24.392062
-113.0,113,24.461911
-113.0,113,24.531829
-110.0,110,24.599817
-111.0,111,24.66841
-110.0,110,24.736371
-111.0,111,24.805069
-85.0,85,24.857711
-109.0,109,24.925105
-110.0,110,24.99309
-158.0,158,25.090916
-112.0,112,25.160208
-110.0,110,25.228374
-115.0,115,25.299513
-115.0,115,25.370582
-110.0,110,25.438647
-112.0,112,25.508043
-86.0,86,25.561423
-109.0,109,25.629176
-115.0,115,25.700225
-112.0,112,25.76954
-83.0,83,25.821021
-112.0,112,25.890306
-86.0,86,25.943492
-83.0,83,25.994853
-85.0,85,26.047447
-115.0,115,26.118566
-110.0,110,26.186702
-110.0,110,26.254657
-111.0,111,26.323211
-110.0,110,26.391463
-85.0,85,26.44413
-89.0,89,26.49919
-113.0,113,26.569036
-110.0,110,26.63702
-111.0,111,26.705616
-113.0,113,26.775519
-112.0,112,26.844867
-84.0,84,26.896812
-115.0,115,26.968616
-114.0,114,27.039129
-113.0,113,27.109043
-87.0,87,27.162849
-110.0,110,27.23082
-83.0,83,27.282179
-110.0,110,27.350147
-112.0,112,27.419616
-158.0,158,27.517623
-88.0,88,27.572067
-112.0,112,27.64153
-112.0,112,27.710761
-84.0,84,27.762676
-85.0,85,27.815237
-110.0,110,27.883315
-110.0,110,27.953189
-113.0,113,28.023077
-115.0,115,28.094001
-113.0,113,28.163924
-112.0,112,28.23293
-110.0,110,28.300723
-87.0,87,28.354824
-158.0,158,28.452256
-113.0,113,28.521922
-113.0,113,28.591664
-112.0,112,28.660712
-111.0,111,28.72916
-84.0,84,28.780952
-83.0,83,28.832146
-158.0,158,28.929528
-83.0,83,28.980716
-110.0,110,29.048536
-84.0,84,29.100364
-113.0,113,29.169953
-112.0,112,29.238995
-87.0,87,29.292733
-115.0,115,29.363672
-88.0,88,29.418058
-111.0,111,29.486582
-84.0,84,29.538368
-110.0,110,29.606208
-86.0,86,29.659207
-112.0,112,29.72831
-112.0,112,29.797364
-115.0,115,29.868325
-84.0,84,29.920214
-115.0,115,29.991121
-158.0,158,30.088736
-84.0,84,30.140576
-110.0,110,30.208442
-110.0,110,30.276219
-115.0,115,30.347165
-110.0,110,30.415104
-112.0,112,30.484212
-86.0,86,30.537316
-110.0,110,30.605176
-113.0,113,30.675241
-110.0,110,30.743194
-110.0,110,30.81118
-158.0,158,30.908676
-111.0,111,30.97711
-160.0,160,31.075836
-88.0,88,31.13037
-112.0,112,31.19947
-83.0,83,31.250666
-110.0,110,31.31874
-111.0,111,31.387214
-160.0,160,31.485786
-84.0,84,31.537633
-115.0,115,31.608526
-110.0,110,31.676541
-113.0,113,31.746403
-87.0,87,31.800236
-83.0,83,31.851596
-110.0,110,31.919853
-113.0,113,31.989817
-110.0,110,32.057843
-113.0,113,32.127655
-84.0,84,32.179544
-113.0,113,32.249231
-114.0,114,32.319568
-84.0,84,32.371492
-113.0,113,32.441249
-85.0,85,32.493716
-110.0,110,32.562025
-114.0,114,32.632334
-114.0,114,32.702586
-110.0,110,32.770432
-111.0,111,32.838901
-113.0,113,32.908579
-87.0,87,32.962185
-110.0,110,33.029965
-112.0,112,33.099251
-86.0,86,33.152299
-112.0,112,33.221422
-113.0,113,33.291105
-158.0,158,33.388572
-83.0,83,33.439728
-115.0,115,33.510888
-170.0,170,33.615989
-111.0,111,33.684524
-84.0,84,33.736324
-113.0,113,33.806005
-112.0,112,33.875072
-110.0,110,33.942879
-88.0,88,33.997254
-85.0,85,34.049783
-87.0,87,34.103506
-115.0,115,34.174461
-115.0,115,34.245347
-110.0,110,34.31327
-113.0,113,34.382993
-110.0,110,34.450768
-111.0,111,34.519302
-87.0,87,34.572978
-109.0,109,34.640134
-86.0,86,34.693235
-110.0,110,34.761028
-167.0,167,34.86411
-112.0,112,34.93325
-160.0,160,35.031953
-111.0,111,35.100511
-112.0,112,35.172692
-88.0,88,35.227834
-84.0,84,35.280425
-110.0,110,35.348826
-111.0,111,35.417416
-110.0,110,35.485396
-85.0,85,35.537898
-111.0,111,35.606501
-113.0,113,35.676183
-111.0,111,35.74463
-89.0,89,35.799497
-83.0,83,35.850687
-113.0,113,35.92032
-113.0,113,35.990099
-83.0,83,36.041373
-84.0,84,36.09316
-115.0,115,36.164241
-83.0,83,36.215432
-86.0,86,36.268526
-110.0,110,36.336415
-171.0,171,36.442048
-110.0,110,36.509966
-115.0,115,36.580934
-114.0,114,36.651252
-111.0,111,36.720206
-86.0,86,36.773426
-112.0,112,36.842521
-113.0,113,36.912418
-112.0,112,36.981814
-84.0,84,37.033592
-111.0,111,37.102299
-110.0,110,37.170126
-113.0,113,37.239784
-111.0,111,37.308303
-110.0,110,37.376155
-111.0,111,37.444759
-113.0,113,37.514718
-114.0,114,37.585264
-112.0,112,37.654419
-114.0,114,37.724932
-109.0,109,37.792266
-86.0,86,37.845453
-110.0,110,37.915192
-115.0,115,37.985701
-109.0,109,38.052603
-84.0,84,38.104669
-110.0,110,38.172448
-110.0,110,38.240092
-113.0,113,38.31034
-112.0,112,38.379361
-112.0,112,38.448361
-163.0,163,38.548375
-114.0,114,38.618267
-111.0,111,38.686315
-113.0,113,38.755561
-85.0,85,38.80775
-110.0,110,38.875212
-113.0,113,38.944529
-115.0,115,39.015072
-113.0,113,39.084337
-114.0,114,39.154348
-115.0,115,39.225044
-86.0,86,39.277792
-110.0,110,39.345191
-113.0,113,39.414543
-112.0,112,39.483195
-110.0,110,39.550966
-114.0,114,39.620878
-86.0,86,39.673635
-160.0,160,39.771741
-88.0,88,39.825795
-111.0,111,39.893886
-110.0,110,39.961302
-115.0,115,40.031898
-112.0,112,40.100729
-111.0,111,40.168899
-114.0,114,40.238819
-112.0,112,40.307706
-84.0,84,40.359284
-83.0,83,40.410379
-112.0,112,40.479105
-158.0,158,40.576009
-112.0,112,40.644678
-113.0,113,40.713917
-110.0,110,40.781319
-161.0,161,40.879998
-110.0,110,40.948203
-113.0,113,41.017966
-110.0,110,41.085562
-111.0,111,41.153705
-113.0,113,41.223146
-111.0,111,41.291257
-84.0,84,41.342805
-113.0,113,41.412149
-86.0,86,41.465544
-113.0,113,41.534985
-110.0,110,41.602534
-83.0,83,41.653862
-112.0,112,41.722602
-115.0,115,41.793145
-88.0,88,41.847108
-112.0,112,41.915766
-83.0,83,41.966702
-110.0,110,42.034202
-84.0,84,42.085714
-85.0,85,42.13801
-83.0,83,42.189053
-111.0,111,42.257116
-110.0,110,42.324546
-113.0,113,42.393955
-112.0,112,42.462615
-110.0,110,42.530208
-112.0,112,42.598923
-89.0,89,42.653488
-83.0,83,42.704456
-112.0,112,42.773097
-112.0,112,42.841823
-111.0,111,42.909895
-110.0,110,42.977341
-111.0,111,43.04546
-113.0,113,43.114795
-167.0,167,43.217187
-85.0,85,43.269347
-110.0,110,43.336796
-85.0,85,43.38903
-85.0,85,43.441139
-88.0,88,43.495131
-111.0,111,43.563268
-112.0,112,43.632456
-113.0,113,43.701752
-85.0,85,43.753859
-85.0,85,43.80608
-110.0,110,43.873747
-163.0,163,43.973643
-110.0,110,44.04146
-113.0,113,44.110963
-110.0,110,44.178529
-112.0,112,44.247304
-111.0,111,44.315376
-163.0,163,44.415471
-112.0,112,44.484206
-111.0,111,44.552415
-114.0,114,44.622367
-110.0,110,44.689987
-85.0,85,44.742597
-111.0,111,44.810827
-163.0,163,44.91083
-110.0,110,44.978726
-113.0,113,45.048303
-114.0,114,45.11836
-111.0,111,45.186424
-86.0,86,45.239126
-113.0,113,45.30855
-113.0,113,45.378246
-112.0,112,45.447173
-110.0,110,45.514691
-84.0,84,45.566235
-113.0,113,45.635449
-115.0,115,45.706501
-113.0,113,45.775867
-112.0,112,45.844846
-83.0,83,45.895875
-84.0,84,45.947545
-114.0,114,46.017506
-84.0,84,46.069485
-111.0,111,46.137693
-164.0,164,46.23834
-115.0,115,46.308907
-110.0,110,46.37684
-111.0,111,46.445011
-88.0,88,46.499036
-112.0,112,46.567877
-110.0,110,46.635292
-110.0,110,46.702682
-85.0,85,46.755108
-109.0,109,46.821986
-111.0,111,46.89028
-113.0,113,46.959575
-85.0,85,47.011979
-113.0,113,47.081256
-110.0,110,47.148764
-112.0,112,47.217569
-83.0,83,47.268394
-112.0,112,47.337041
-110.0,110,47.404553
-110.0,110,47.472371
-88.0,88,47.526681
-111.0,111,47.595055
-114.0,114,47.664964
-112.0,112,47.733822
-114.0,114,47.803852
-110.0,110,47.871247
-158.0,158,47.968138
-110.0,110,48.035695
-111.0,111,48.103943
-88.0,88,48.157983
-83.0,83,48.209022
-112.0,112,48.27768
-114.0,114,48.347608
-111.0,111,48.41574
-113.0,113,48.48501
-84.0,84,48.536742
-111.0,111,48.604766
-110.0,110,48.67224
-109.0,109,48.739401
-113.0,113,48.808655
-88.0,88,48.862634
-84.0,84,48.914174
-163.0,163,49.014286
-84.0,84,49.065836
-167.0,167,49.168114
-160.0,160,49.266171
-88.0,88,49.320289
-113.0,113,49.389779
-87.0,87,49.443289
-85.0,85,49.495371
-111.0,111,49.563675
-84.0,84,49.61517
-86.0,86,49.667884
-114.0,114,49.73811
-110.0,110,49.805534
-110.0,110,49.873194
-113.0,113,49.942566
-113.0,113,50.011922
-111.0,111,50.080054
-88.0,88,50.134063
-114.0,114,50.204031
-112.0,112,50.272861
-83.0,83,50.32393
-88.0,88,50.378008
-110.0,110,50.445682
-110.0,110,50.513216
-113.0,113,50.582643
-111.0,111,50.65066
-160.0,160,50.748744
-109.0,109,50.815782
-86.0,86,50.868572
-112.0,112,50.937221
-160.0,160,51.035386
-157.0,157,51.131765
-164.0,164,51.232321
-110.0,110,51.299758
-110.0,110,51.367282
-84.0,84,51.418845
-87.0,87,51.472184
-110.0,110,51.539708
-113.0,113,51.608939
-112.0,112,51.677555
-113.0,113,51.747022
-85.0,85,51.799104
-113.0,113,51.86877
-112.0,112,51.937564
-111.0,111,52.00564
-111.0,111,52.073823
-115.0,115,52.144829
-112.0,112,52.21348
-115.0,115,52.283944
-112.0,112,52.352561
-110.0,110,52.420355
-113.0,113,52.489653
-110.0,110,52.557294
-110.0,110,52.624763
-113.0,113,52.694039
-86.0,86,52.746752
-113.0,113,52.816071
-111.0,111,52.884063
-111.0,111,52.952095
-110.0,110,53.019525
-110.0,110,53.086956
-115.0,115,53.157496
-84.0,84,53.209097
-87.0,87,53.26246
-110.0,110,53.329958
-111.0,111,53.398066
-88.0,88,53.452047
-115.0,115,53.522576
-84.0,84,53.574086
-83.0,83,53.624998
-110.0,110,53.69243
-111.0,111,53.760595
-111.0,111,53.828616
-86.0,86,53.881384
-85.0,85,53.933479
-110.0,110,54.001188
-111.0,111,54.069376
-85.0,85,54.121518
-110.0,110,54.189176
-111.0,111,54.257203
-85.0,85,54.309471
-115.0,115,54.380125
-110.0,110,54.447785
-115.0,115,54.51842
-112.0,112,54.58705
-112.0,112,54.655716
-112.0,112,54.724391
-112.0,112,54.793255
-110.0,110,54.860704
-109.0,109,54.927559
-115.0,115,54.998767
-111.0,111,55.066828
-113.0,113,55.136316
-115.0,115,55.206864
-164.0,164,55.307392
-85.0,85,55.359517
-86.0,86,55.412344
-113.0,113,55.481546
-110.0,110,55.549211
-110.0,110,55.616656
-158.0,158,55.713517
-111.0,111,55.781611
-110.0,110,55.849095
-112.0,112,55.91779
-115.0,115,55.988349
-88.0,88,56.042358
-111.0,111,56.110379
-84.0,84,56.161912
-115.0,115,56.232524
-111.0,111,56.300788
-160.0,160,56.399266
-163.0,163,56.49917
-83.0,83,56.55026
-110.0,110,56.618029
-113.0,113,56.687506
-111.0,111,56.755606
-85.0,85,56.80771
-114.0,114,56.877543
-161.0,161,56.976177
-110.0,110,57.043869
-110.0,110,57.11147
-113.0,113,57.180878
-112.0,112,57.249709
-110.0,110,57.317292
-111.0,111,57.385638
-110.0,110,57.453152
-110.0,110,57.520656
-85.0,85,57.57354
-112.0,112,57.642286
-113.0,113,57.711705
-113.0,113,57.781057
-163.0,163,57.880949
-83.0,83,57.932039
-87.0,87,57.98542
-86.0,86,58.038341
-114.0,114,58.108452
-84.0,84,58.160028
-164.0,164,58.260655
-113.0,113,58.330013
-111.0,111,58.398335
-110.0,110,58.465777
-85.0,85,58.517908
-111.0,111,58.586131
-110.0,110,58.653634
-112.0,112,58.722306
-113.0,113,58.791679
-112.0,112,58.86044
-115.0,115,58.930921
-84.0,84,58.982433
-83.0,83,59.033337
-115.0,115,59.103776
-111.0,111,59.172401
-115.0,115,59.242907
-110.0,110,59.310367
-112.0,112,59.379184
-110.0,110,59.446678
-158.0,158,59.543677
-110.0,110,59.611124
-112.0,112,59.680437
-111.0,111,59.748772
-113.0,113,59.818067
-167.0,167,59.920388
-115.0,115,59.991064
-111.0,111,60.059303
-112.0,112,60.127966
-113.0,113,60.197337
-160.0,160,60.29539
-110.0,110,60.362818
-113.0,113,60.432196
-113.0,113,60.501489
-114.0,114,60.571411
-113.0,113,60.640745
-112.0,112,60.709401
-110.0,110,60.77687
-112.0,112,60.845635
-110.0,110,60.913102
-112.0,112,60.981755
-86.0,86,61.034477
-110.0,110,61.102034
-112.0,112,61.170758
-110.0,110,61.238198
-110.0,110,61.305986
-86.0,86,61.358792
-113.0,113,61.428325
-110.0,110,61.496131
-110.0,110,61.563564
-110.0,110,61.631033
-110.0,110,61.698395
-113.0,113,61.767864
-110.0,110,61.835618
-110.0,110,61.903097
-171.0,171,62.007865
-158.0,158,62.104799
-110.0,110,62.172364
-115.0,115,62.24291
-111.0,111,62.310994
-84.0,84,62.36248
-113.0,113,62.432241
-113.0,113,62.501488
-111.0,111,62.569648
-115.0,115,62.640181
-115.0,115,62.710733
-83.0,83,62.761621
-111.0,111,62.829787
-112.0,112,62.898515
-112.0,112,62.967361
-115.0,115,63.037881
-84.0,84,63.08942
-114.0,114,63.159353
-113.0,113,63.228647
-112.0,112,63.297439
-110.0,110,63.365305
-110.0,110,63.432834
-112.0,112,63.501517
-84.0,84,63.553377
-87.0,87,63.606788
-113.0,113,63.676031
-113.0,113,63.745479
-113.0,113,63.814766
-111.0,111,63.883017
-88.0,88,63.936993
-113.0,113,64.006247
-115.0,115,64.07675
-115.0,115,64.147215
-113.0,113,64.216676
-114.0,114,64.286799
-115.0,115,64.357301
-84.0,84,64.40906
-110.0,110,64.476573
-110.0,110,64.544075
-111.0,111,64.612157
-113.0,113,64.681446
-111.0,111,64.750185
-113.0,113,64.819431
-113.0,113,64.888677
-111.0,111,64.957024
-112.0,112,65.026034
-111.0,111,65.094223
-87.0,87,65.147548
-112.0,112,65.218933
-112.0,112,65.288285
-111.0,111,65.356347
-157.0,157,65.452668
-86.0,86,65.505425
-110.0,110,65.572961
-110.0,110,65.640385
-110.0,110,65.707843
-113.0,113,65.777161
-84.0,84,65.828727
-112.0,112,65.897424
-110.0,110,65.965255
-85.0,85,66.017433
-112.0,112,66.086101
-110.0,110,66.153647
-113.0,113,66.22311
-84.0,84,66.27469
-110.0,110,66.342328
-111.0,111,66.410688
-110.0,110,66.478157
-112.0,112,66.546809
-87.0,87,66.60012
-88.0,88,66.654213
-83.0,83,66.705119
-175.0,175,66.812509
-84.0,84,66.864071
-113.0,113,66.933381
-164.0,164,67.034062
-110.0,110,67.101558
-110.0,110,67.169176
-113.0,113,67.238664
-110.0,110,67.306198
-110.0,110,67.373705
-115.0,115,67.444285
-110.0,110,67.511786
-170.0,170,67.616331
-164.0,164,67.717078
-84.0,84,67.768527
-113.0,113,67.837788
-166.0,166,67.939942
-110.0,110,68.007376
-115.0,115,68.077937
-110.0,110,68.14545
-110.0,110,68.21294
-110.0,110,68.280354
-113.0,113,68.349645
-113.0,113,68.419333
-113.0,113,68.488693
-113.0,113,68.558061
-113.0,113,68.627326
-171.0,171,68.732416
-113.0,113,68.801753
-84.0,84,68.853258
-110.0,110,68.920652
-158.0,158,69.017551
-83.0,83,69.068477
-112.0,112,69.137197
-84.0,84,69.18871
-110.0,110,69.256164
-113.0,113,69.325997
-113.0,113,69.395362
-111.0,111,69.463407
-113.0,113,69.532712
-110.0,110,69.60015
-84.0,84,69.651654
-112.0,112,69.720316
-112.0,112,69.789342
-83.0,83,69.840245
-113.0,113,69.909533
-84.0,84,69.961081
-113.0,113,70.030574
-110.0,110,70.098025
-110.0,110,70.165626
-111.0,111,70.233667
-113.0,113,70.303078
-113.0,113,70.372378
-175.0,175,70.479838
-84.0,84,70.531425
-83.0,83,70.582331
-170.0,170,70.686515
-85.0,85,70.738623
-163.0,163,70.83875
-84.0,84,70.89037
-112.0,112,70.959032
-110.0,110,71.026515
-110.0,110,71.094078
-110.0,110,71.161762
-111.0,111,71.230233
-113.0,113,71.299554
-113.0,113,71.368912
-115.0,115,71.439492
-85.0,85,71.491613
-84.0,84,71.543182
-113.0,113,71.612596
-113.0,113,71.681845
-112.0,112,71.75057
-113.0,113,71.81988
-109.0,109,71.886702
-110.0,110,71.954132
-110.0,110,72.021603
-110.0,110,72.088999
-112.0,112,72.15774
-84.0,84,72.209271
-111.0,111,72.27745
-113.0,113,72.34696
-111.0,111,72.415367
-110.0,110,72.482914
-114.0,114,72.552831
-113.0,113,72.62217
-110.0,110,72.689645
-113.0,113,72.759237
-111.0,111,72.827536
-111.0,111,72.895659
-112.0,112,72.964371
-110.0,110,73.031881
-89.0,89,73.086448
-110.0,110,73.153976
-83.0,83,73.204877
-166.0,166,73.306791
-111.0,111,73.37502
-112.0,112,73.443771
-89.0,89,73.498401
-111.0,111,73.566519
-85.0,85,73.618747
-112.0,112,73.687469
-113.0,113,73.757097
-112.0,112,73.825797
-113.0,113,73.895041
-112.0,112,73.963794
-110.0,110,74.031248
-110.0,110,74.098742
-84.0,84,74.150356
-110.0,110,74.217921
-111.0,111,74.28601
-85.0,85,74.338326
-84.0,84,74.389963
-110.0,110,74.457401
-111.0,111,74.525458
-158.0,158,74.623236
-110.0,110,74.690666
-85.0,85,74.742817
-83.0,83,74.793744
-111.0,111,74.861804
-158.0,158,74.958777
-115.0,115,75.029564
-113.0,113,75.099226
-109.0,109,75.166605
-86.0,86,75.219537
-110.0,110,75.287035
-115.0,115,75.357596
-113.0,113,75.426928
-112.0,112,75.496805
-113.0,113,75.566442
-115.0,115,75.636969
-113.0,113,75.706181
-110.0,110,75.773678
-171.0,171,75.878464
-111.0,111,75.946552
-110.0,110,76.014175
-112.0,112,76.08326
-85.0,85,76.135513
-113.0,113,76.204859
-86.0,86,76.2576
-112.0,112,76.326271
-164.0,164,76.427033
-85.0,85,76.479151
-115.0,115,76.549702
-112.0,112,76.618461
-110.0,110,76.686278
-111.0,111,76.754353
-161.0,161,76.853193
-111.0,111,76.921385
-113.0,113,76.990734
-112.0,112,77.059527
-113.0,113,77.129147
-112.0,112,77.19782
-110.0,110,77.265268
-84.0,84,77.316826
-110.0,110,77.384351
-112.0,112,77.45305
-113.0,113,77.522301
-86.0,86,77.5756
-160.0,160,77.67376
-161.0,161,77.772914
-86.0,86,77.82567
-112.0,112,77.89428
-111.0,111,77.962463
-160.0,160,78.061072
-115.0,115,78.131582
-84.0,84,78.183221
-110.0,110,78.250741
-84.0,84,78.30239
-110.0,110,78.374043
-111.0,111,78.44295
-112.0,112,78.512565
-110.0,110,78.58007
-84.0,84,78.631848
-113.0,113,78.701357
-113.0,113,78.770714
-112.0,112,78.839436
-85.0,85,78.891575
-110.0,110,78.958991
-84.0,84,79.010492
-111.0,111,79.078676
-112.0,112,79.147297
-111.0,111,79.215307
-113.0,113,79.284587
-115.0,115,79.355479
-112.0,112,79.424338
-112.0,112,79.493172
-115.0,115,79.563764
-111.0,111,79.632084
-110.0,110,79.69951
-83.0,83,79.750544
-115.0,115,79.821017
-112.0,112,79.889938
-110.0,110,79.95732
-114.0,114,80.027348
-83.0,83,80.078263
-113.0,113,80.147603
-113.0,113,80.216981
-113.0,113,80.286279
-110.0,110,80.358443
-110.0,110,80.426658
-113.0,113,80.496891
-175.0,175,80.605014
-111.0,111,80.67306
-111.0,111,80.741753
-115.0,115,80.81775
-111.0,111,80.899371
-84.0,84,80.958211
-164.0,164,81.064075
-113.0,113,81.134453
-113.0,113,81.204138
-113.0,113,81.27352
-110.0,110,81.3411
-110.0,110,81.408602
-112.0,112,81.477344
-110.0,110,81.544798
-113.0,113,81.614341
-83.0,83,81.665282
-171.0,171,81.770117
-111.0,111,81.838159
-84.0,84,81.889726
-110.0,110,81.957176
-84.0,84,82.008726
-113.0,113,82.078252
-158.0,158,82.175251
-115.0,115,82.246334
-164.0,164,82.346899
-113.0,113,82.417194
-113.0,113,82.486539
-110.0,110,82.554429
-110.0,110,82.621863
-113.0,113,82.69113
-86.0,86,82.743844
-86.0,86,82.796796
-84.0,84,82.848761
-111.0,111,82.916793
-110.0,110,82.984456
-113.0,113,83.053982
-112.0,112,83.122773
-84.0,84,83.174375
-111.0,111,83.24246
-158.0,158,83.339318
-113.0,113,83.408774
-112.0,112,83.477407
-87.0,87,83.530789
-110.0,110,83.598448
-110.0,110,83.665952
-113.0,113,83.735182
-86.0,86,83.787914
-84.0,84,83.839407
-166.0,166,83.941673
-110.0,110,84.009248
-163.0,163,84.109648
-112.0,112,84.178374
-113.0,113,84.24766
-164.0,164,84.348595
-158.0,158,84.445681
-110.0,110,84.513123
-85.0,85,84.565264
-110.0,110,84.632732
-86.0,86,84.685465
-113.0,113,84.754743
-110.0,110,84.822174
-113.0,113,84.891435
-86.0,86,84.944168
-85.0,85,84.996287
-113.0,113,85.06585
-112.0,112,85.13484
-110.0,110,85.202365
-114.0,114,85.272229
-115.0,115,85.343109
-111.0,111,85.411202
-167.0,167,85.513533
-110.0,110,85.580961
-114.0,114,85.651047
-112.0,112,85.719764
-110.0,110,85.787193
-110.0,110,85.854632
-111.0,111,85.922755
-85.0,85,85.974882
-163.0,163,86.075068
-113.0,113,86.14463
-113.0,113,86.214086
-114.0,114,86.283929
-88.0,88,86.337935
-163.0,163,86.438162
-110.0,110,86.505611
-157.0,157,86.602016
-113.0,113,86.67134
-84.0,84,86.722838
-161.0,161,86.821859
-86.0,86,86.874619
-110.0,110,86.942035
-87.0,87,86.995417
-110.0,110,87.06316
-111.0,111,87.131414
-112.0,112,87.200075
-114.0,114,87.269984
-113.0,113,87.339451
-114.0,114,87.409436
-112.0,112,87.478405
-111.0,111,87.546542
-112.0,112,87.615458
-163.0,163,87.715351
-110.0,110,87.782801
-113.0,113,87.852048
-83.0,83,87.902925
-111.0,111,87.971065
-109.0,109,88.038082
-113.0,113,88.107432
-110.0,110,88.175611
-161.0,161,88.274299
-111.0,111,88.342329
-112.0,112,88.411165
-110.0,110,88.478581
-111.0,111,88.546855
-112.0,112,88.61568
-113.0,113,88.68492
-86.0,86,88.73762
-112.0,112,88.806304
-110.0,110,88.873741
-112.0,112,88.942414
-111.0,111,89.010809
-115.0,115,89.081535
-114.0,114,89.151473
-110.0,110,89.218834
-111.0,111,89.286942
-158.0,158,89.383832
-85.0,85,89.435962
-112.0,112,89.504602
-88.0,88,89.55861
-111.0,111,89.627175
-87.0,87,89.680568
-158.0,158,89.777493
-83.0,83,89.828406
-111.0,111,89.896496
-112.0,112,89.965223
-84.0,84,90.016809
-87.0,87,90.07034
-114.0,114,90.14031
-113.0,113,90.209694
-87.0,87,90.263075
-113.0,113,90.332341
-110.0,110,90.40004
-158.0,158,90.496928
-110.0,110,90.564472
-158.0,158,90.661675
-115.0,115,90.732164
-112.0,112,90.800901
-167.0,167,90.903603
-84.0,84,90.955169
-112.0,112,91.02385
-113.0,113,91.093422
-86.0,86,91.146158
-112.0,112,91.214805
-84.0,84,91.26633
-171.0,171,91.371211
-110.0,110,91.438643
-160.0,160,91.536714
-110.0,110,91.604149
-110.0,110,91.671592
-114.0,114,91.741572
-113.0,113,91.810792
-113.0,113,91.880211
-86.0,86,91.933321
-86.0,86,91.986001
-110.0,110,92.053659
-110.0,110,92.121174
-110.0,110,92.188576
-115.0,115,92.25908
-113.0,113,92.328515
-113.0,113,92.397813
-110.0,110,92.465337
-85.0,85,92.517488
-113.0,113,92.586862
-113.0,113,92.656185
-84.0,84,92.707692
-84.0,84,92.759202
-110.0,110,92.826625
-113.0,113,92.895897
-110.0,110,92.963278
-86.0,86,93.015975
-111.0,111,93.084188
-112.0,112,93.15282
-112.0,112,93.221623
-175.0,175,93.328865
-115.0,115,93.400202
-110.0,110,93.467607
-160.0,160,93.565808
-112.0,112,93.634567
-113.0,113,93.70403
-112.0,112,93.772744
-112.0,112,93.841388
-111.0,111,93.909465
-86.0,86,93.962149
-158.0,158,94.059364
-112.0,112,94.128054
-88.0,88,94.182031
-110.0,110,94.249479
-110.0,110,94.316919
-110.0,110,94.384377
-110.0,110,94.451929
-111.0,111,94.520027
-158.0,158,94.616951
-87.0,87,94.670452
-83.0,83,94.721371
-111.0,111,94.789466
-112.0,112,94.858161
-112.0,112,94.926847
-111.0,111,94.995003
-112.0,112,95.064271
